-- MySQL dump 10.13  Distrib 5.1.41, for debian-linux-gnu (i486)
--
-- Host: localhost    Database: bcba_parking_lot
-- ------------------------------------------------------
-- Server version	5.1.41-3ubuntu12.10

/*!40101 SET @OLD_CHARACTER_SET_CLIENT=@@CHARACTER_SET_CLIENT */;
/*!40101 SET @OLD_CHARACTER_SET_RESULTS=@@CHARACTER_SET_RESULTS */;
/*!40101 SET @OLD_COLLATION_CONNECTION=@@COLLATION_CONNECTION */;
/*!40101 SET NAMES utf8 */;
/*!40103 SET @OLD_TIME_ZONE=@@TIME_ZONE */;
/*!40103 SET TIME_ZONE='+00:00' */;
/*!40014 SET @OLD_UNIQUE_CHECKS=@@UNIQUE_CHECKS, UNIQUE_CHECKS=0 */;
/*!40014 SET @OLD_FOREIGN_KEY_CHECKS=@@FOREIGN_KEY_CHECKS, FOREIGN_KEY_CHECKS=0 */;
/*!40101 SET @OLD_SQL_MODE=@@SQL_MODE, SQL_MODE='NO_AUTO_VALUE_ON_ZERO' */;
/*!40111 SET @OLD_SQL_NOTES=@@SQL_NOTES, SQL_NOTES=0 */;

--
-- Table structure for table `car`
--

DROP TABLE IF EXISTS `car`;
/*!40101 SET @saved_cs_client     = @@character_set_client */;
/*!40101 SET character_set_client = utf8 */;
CREATE TABLE `car` (
  `id` bigint(20) NOT NULL AUTO_INCREMENT,
  `version` bigint(20) NOT NULL,
  `car_model_id` bigint(20) NOT NULL,
  `color` varchar(255) NOT NULL,
  `date_created` datetime NOT NULL,
  `discount` bit(1) NOT NULL,
  `last_updated` datetime NOT NULL,
  `person_id` bigint(20) NOT NULL,
  `plate_number` varchar(255) NOT NULL,
  `year` int(11) NOT NULL,
  PRIMARY KEY (`id`),
  KEY `FK17FD48B3ADBBF` (`car_model_id`),
  KEY `FK17FD4D8F97328` (`person_id`)
) ENGINE=MyISAM DEFAULT CHARSET=latin1;
/*!40101 SET character_set_client = @saved_cs_client */;

--
-- Dumping data for table `car`
--

LOCK TABLES `car` WRITE;
/*!40000 ALTER TABLE `car` DISABLE KEYS */;
/*!40000 ALTER TABLE `car` ENABLE KEYS */;
UNLOCK TABLES;

--
-- Table structure for table `car_model`
--

DROP TABLE IF EXISTS `car_model`;
/*!40101 SET @saved_cs_client     = @@character_set_client */;
/*!40101 SET character_set_client = utf8 */;
CREATE TABLE `car_model` (
  `id` bigint(20) NOT NULL AUTO_INCREMENT,
  `version` bigint(20) NOT NULL,
  `date_created` datetime NOT NULL,
  `description` varchar(255) NOT NULL,
  `last_updated` datetime NOT NULL,
  `maker_id` bigint(20) NOT NULL,
  PRIMARY KEY (`id`),
  KEY `FKE99FAEFEFF6533EC` (`maker_id`)
) ENGINE=MyISAM AUTO_INCREMENT=179 DEFAULT CHARSET=latin1;
/*!40101 SET character_set_client = @saved_cs_client */;

--
-- Dumping data for table `car_model`
--

LOCK TABLES `car_model` WRITE;
/*!40000 ALTER TABLE `car_model` DISABLE KEYS */;
INSERT INTO `car_model` VALUES (1,1,'2011-04-21 19:37:53','200','2011-04-21 19:37:53',5),(2,1,'2011-04-21 19:37:53','2','2011-04-21 19:37:53',17),(3,1,'2011-04-21 19:37:53','3','2011-04-21 19:37:53',17),(4,1,'2011-04-21 19:37:53','335D','2011-04-21 19:37:53',3),(5,1,'2011-04-21 19:37:53','528i','2011-04-21 19:37:53',3),(6,1,'2011-04-21 19:37:53','6','2011-04-21 19:37:53',17),(7,1,'2011-04-21 19:37:53','9-3 SPORT SEDAN','2011-04-21 19:37:53',24),(8,1,'2011-04-21 19:37:53','9-3 SPORTCOMBI','2011-04-21 19:37:53',24),(9,1,'2011-04-21 19:37:53','9-5 SEDAN','2011-04-21 19:37:53',24),(10,1,'2011-04-21 19:37:53','A3','2011-04-21 19:37:53',2),(11,1,'2011-04-21 19:37:53','A4','2011-04-21 19:37:53',2),(12,1,'2011-04-21 19:37:53','A4 QUATTRO','2011-04-21 19:37:53',2),(13,1,'2011-04-21 19:37:53','A5 CABRIOLET','2011-04-21 19:37:53',2),(14,1,'2011-04-21 19:37:53','A5 QUATTRO','2011-04-21 19:37:53',2),(15,1,'2011-04-21 19:37:53','ACCENT','2011-04-21 19:37:53',11),(16,1,'2011-04-21 19:37:53','ACCENT BLUE','2011-04-21 19:37:53',11),(17,1,'2011-04-21 19:37:53','ACCORD','2011-04-21 19:37:53',10),(18,1,'2011-04-21 19:37:53','ACCORD 2DR COUPE','2011-04-21 19:37:53',10),(19,1,'2011-04-21 19:37:53','ACCORD 4DR SEDAN','2011-04-21 19:37:53',10),(20,1,'2011-04-21 19:37:53','ACCORD HYBRID','2011-04-21 19:37:53',10),(21,1,'2011-04-21 19:37:53','ALTIMA','2011-04-21 19:37:53',22),(22,1,'2011-04-21 19:37:53','ALTIMA COUPE','2011-04-21 19:37:53',22),(23,1,'2011-04-21 19:37:53','ALTIMA HYBRID','2011-04-21 19:37:53',22),(24,1,'2011-04-21 19:37:53','ALTIMA SE-R','2011-04-21 19:37:53',22),(25,1,'2011-04-21 19:37:53','ALTRA','2011-04-21 19:37:53',22),(26,1,'2011-04-21 19:37:53','ASTRA 2D HATCHBACK','2011-04-21 19:37:53',25),(27,1,'2011-04-21 19:37:53','ASTRA 4DR HATCHBACK','2011-04-21 19:37:53',25),(28,1,'2011-04-21 19:37:53','AURA','2011-04-21 19:37:53',25),(29,1,'2011-04-21 19:37:53','AVENGER','2011-04-21 19:37:53',6),(30,1,'2011-04-21 19:37:53','AVEO','2011-04-21 19:37:53',4),(31,1,'2011-04-21 19:37:53','AVEO 5','2011-04-21 19:37:53',4),(32,1,'2011-04-21 19:37:53','C30 ','2011-04-21 19:37:53',31),(33,1,'2011-04-21 19:37:53','CALIBER','2011-04-21 19:37:53',6),(34,1,'2011-04-21 19:37:53','CAMRY','2011-04-21 19:37:53',29),(35,1,'2011-04-21 19:37:53','CAMRY CNG','2011-04-21 19:37:53',29),(36,1,'2011-04-21 19:37:53','CAMRY HYBRID','2011-04-21 19:37:53',29),(37,1,'2011-04-21 19:37:53','CAMRY SOLARA','2011-04-21 19:37:53',29),(38,1,'2011-04-21 19:37:53','CC','2011-04-21 19:37:53',30),(39,1,'2011-04-21 19:37:53','CIVIC','2011-04-21 19:37:53',10),(40,1,'2011-04-21 19:37:53','CIVIC GX','2011-04-21 19:37:53',10),(41,1,'2011-04-21 19:37:53','CIVIC HX','2011-04-21 19:37:53',10),(42,1,'2011-04-21 19:37:53','CIVIC HYBRID','2011-04-21 19:37:53',10),(43,1,'2011-04-21 19:37:53','CLUBMAN','2011-04-21 19:37:53',20),(44,1,'2011-04-21 19:37:53','CLUBMAN S','2011-04-21 19:37:53',20),(45,1,'2011-04-21 19:37:53','COBALT','2011-04-21 19:37:53',4),(46,1,'2011-04-21 19:37:53','COBALT COUPE','2011-04-21 19:37:53',4),(47,1,'2011-04-21 19:37:53','COBALT SEDAN','2011-04-21 19:37:53',4),(48,1,'2011-04-21 19:37:53','COBALT XFE','2011-04-21 19:37:53',4),(49,1,'2011-04-21 19:37:53','COBALT XFE COUPE','2011-04-21 19:37:53',4),(50,1,'2011-04-21 19:37:53','COBALT XFE SEDAN','2011-04-21 19:37:53',4),(51,1,'2011-04-21 19:37:53','COMPASS ','2011-04-21 19:37:53',12),(52,1,'2011-04-21 19:37:53','CONVERTIBLE','2011-04-21 19:37:53',20),(53,1,'2011-04-21 19:37:53','COOPER','2011-04-21 19:37:53',20),(54,1,'2011-04-21 19:37:53','COOPER CONVERTIBLE','2011-04-21 19:37:53',20),(55,1,'2011-04-21 19:37:53','COOPER COUNTRYMAN','2011-04-21 19:37:53',20),(56,1,'2011-04-21 19:37:53','COOPER S','2011-04-21 19:37:53',20),(57,1,'2011-04-21 19:37:53','COOPER S CLUBMAN','2011-04-21 19:37:53',20),(58,1,'2011-04-21 19:37:53','COOPER S CONVERTIBLE','2011-04-21 19:37:53',20),(59,1,'2011-04-21 19:37:53','COOPER S COUNTRYMAN','2011-04-21 19:37:53',20),(60,1,'2011-04-21 19:37:53','COOPER S COUNTRYMAN ALL4','2011-04-21 19:37:53',20),(61,1,'2011-04-21 19:37:53','COROLLA','2011-04-21 19:37:53',29),(62,1,'2011-04-21 19:37:53','COROLLA MATRIX','2011-04-21 19:37:53',29),(63,1,'2011-04-21 19:37:53','CRUZE','2011-04-21 19:37:53',4),(64,1,'2011-04-21 19:37:53','CRUZE ECO','2011-04-21 19:37:53',4),(65,1,'2011-04-21 19:37:53','CR-Z','2011-04-21 19:37:53',10),(66,1,'2011-04-21 19:37:53','CUBE','2011-04-21 19:37:53',22),(67,1,'2011-04-21 19:37:53','ECHO','2011-04-21 19:37:53',29),(68,1,'2011-04-21 19:37:53','ELANTRA','2011-04-21 19:37:53',11),(69,1,'2011-04-21 19:37:53','ELANTRA BLUE','2011-04-21 19:37:53',11),(70,1,'2011-04-21 19:37:53','ELANTRA TOURING','2011-04-21 19:37:53',11),(71,1,'2011-04-21 19:37:53','ELISE','2011-04-21 19:37:53',16),(72,1,'2011-04-21 19:37:53','ELISE/EXIGE','2011-04-21 19:37:53',16),(73,1,'2011-04-21 19:37:53','EOS','2011-04-21 19:37:53',30),(74,1,'2011-04-21 19:37:53','EQUINOX ','2011-04-21 19:37:53',4),(75,1,'2011-04-21 19:37:53','ESCAPE ','2011-04-21 19:37:53',7),(76,1,'2011-04-21 19:37:53','ESCAPE HYBRID','2011-04-21 19:37:53',7),(77,1,'2011-04-21 19:37:53','EV1','2011-04-21 19:37:53',8),(78,1,'2011-04-21 19:37:53','EXIGE','2011-04-21 19:37:53',16),(79,1,'2011-04-21 19:37:53','FIESTA ','2011-04-21 19:37:53',7),(80,1,'2011-04-21 19:37:53','FIESTA SFE ','2011-04-21 19:37:53',7),(81,1,'2011-04-21 19:37:53','FIT','2011-04-21 19:37:53',10),(82,1,'2011-04-21 19:37:53','FOCUS','2011-04-21 19:37:53',7),(83,1,'2011-04-21 19:37:53','FOCUS WAGON','2011-04-21 19:37:53',7),(84,1,'2011-04-21 19:37:53','FORTE','2011-04-21 19:37:53',13),(85,1,'2011-04-21 19:37:53','FORTE ECO','2011-04-21 19:37:53',13),(86,1,'2011-04-21 19:37:53','FORTE KOUP','2011-04-21 19:37:53',13),(87,1,'2011-04-21 19:37:53','FUSION','2011-04-21 19:37:53',7),(88,1,'2011-04-21 19:37:53','FUSION HYBRID ','2011-04-21 19:37:53',7),(89,1,'2011-04-21 19:37:53','FUSION HYBRID FWD','2011-04-21 19:37:53',7),(90,1,'2011-04-21 19:37:53','FUSION S ','2011-04-21 19:37:53',7),(91,1,'2011-04-21 19:37:53','G3','2011-04-21 19:37:53',23),(92,1,'2011-04-21 19:37:53','G3 (5 DOOR)','2011-04-21 19:37:53',23),(93,1,'2011-04-21 19:37:53','G5','2011-04-21 19:37:53',23),(94,1,'2011-04-21 19:37:53','G5 GT','2011-04-21 19:37:53',23),(95,1,'2011-04-21 19:37:53','G5 XFE','2011-04-21 19:37:53',23),(96,1,'2011-04-21 19:37:53','G5/PURSUIT','2011-04-21 19:37:53',23),(97,1,'2011-04-21 19:37:53','G6','2011-04-21 19:37:53',23),(98,1,'2011-04-21 19:37:53','GALANT','2011-04-21 19:37:53',21),(99,1,'2011-04-21 19:37:53','GOLF','2011-04-21 19:37:53',30),(100,1,'2011-04-21 19:37:53','GTI','2011-04-21 19:37:53',30),(101,1,'2011-04-21 19:37:53','HHR ','2011-04-21 19:37:53',4),(102,1,'2011-04-21 19:37:53','HHR PANEL ','2011-04-21 19:37:53',4),(103,1,'2011-04-21 19:37:53','HS 250H','2011-04-21 19:37:53',14),(104,1,'2011-04-21 19:37:53','INSIGHT','2011-04-21 19:37:53',10),(105,1,'2011-04-21 19:37:53','ION','2011-04-21 19:37:53',25),(106,1,'2011-04-21 19:37:53','JETTA','2011-04-21 19:37:53',30),(107,1,'2011-04-21 19:37:53','JETTA SPORTWAGEN','2011-04-21 19:37:53',30),(108,1,'2011-04-21 19:37:53','JOHN COOPER WORKS','2011-04-21 19:37:53',20),(109,1,'2011-04-21 19:37:53','JOHN COOPER WORKS CLUBM','2011-04-21 19:37:53',20),(110,1,'2011-04-21 19:37:53','JOHN COOPER WORKS CLUBMAN','2011-04-21 19:37:53',20),(111,1,'2011-04-21 19:37:53','JOHN COOPER WORKS CONV','2011-04-21 19:37:53',20),(112,1,'2011-04-21 19:37:53','JOHN COOPER WORKS CONVERTIBLE','2011-04-21 19:37:53',20),(113,1,'2011-04-21 19:37:53','JUKE','2011-04-21 19:37:53',22),(114,1,'2011-04-21 19:37:53','KIZASHI','2011-04-21 19:37:53',28),(115,1,'2011-04-21 19:37:53','KIZASHI S','2011-04-21 19:37:53',28),(116,1,'2011-04-21 19:37:53','LANCER','2011-04-21 19:37:53',21),(117,1,'2011-04-21 19:37:53','LANCER SPORTBACK','2011-04-21 19:37:53',21),(118,1,'2011-04-21 19:37:53','LEAF','2011-04-21 19:37:53',22),(119,1,'2011-04-21 19:37:53','LEGACY ','2011-04-21 19:37:53',27),(120,1,'2011-04-21 19:37:53','MALIBU','2011-04-21 19:37:53',4),(121,1,'2011-04-21 19:37:53','MARINER HYBRID','2011-04-21 19:37:53',19),(122,1,'2011-04-21 19:37:53','MATRIX','2011-04-21 19:37:53',29),(123,1,'2011-04-21 19:37:53','MILAN','2011-04-21 19:37:53',19),(124,1,'2011-04-21 19:37:53','MILAN HYBRID ','2011-04-21 19:37:53',19),(125,1,'2011-04-21 19:37:53','MILAN HYBRID FWD','2011-04-21 19:37:53',19),(126,1,'2011-04-21 19:37:53','MILAN S ','2011-04-21 19:37:53',19),(127,1,'2011-04-21 19:37:53','MKZ HYBRID FWD','2011-04-21 19:37:53',15),(128,1,'2011-04-21 19:37:53','MX-5','2011-04-21 19:37:53',17),(129,1,'2011-04-21 19:37:53','MX-5 MIATA','2011-04-21 19:37:53',17),(130,1,'2011-04-21 19:37:53','NEW BEETLE','2011-04-21 19:37:53',30),(131,1,'2011-04-21 19:37:53','OPTIMA','2011-04-21 19:37:53',13),(132,1,'2011-04-21 19:37:53','PATRIOT ','2011-04-21 19:37:53',12),(133,1,'2011-04-21 19:37:53','PRIUS','2011-04-21 19:37:53',29),(134,1,'2011-04-21 19:37:53','RABBIT','2011-04-21 19:37:53',30),(135,1,'2011-04-21 19:37:53','RANGER PICKUP','2011-04-21 19:37:53',7),(136,1,'2011-04-21 19:37:53','RAV4','2011-04-21 19:37:53',29),(137,1,'2011-04-21 19:37:53','RIO','2011-04-21 19:37:53',13),(138,1,'2011-04-21 19:37:53','RIO/RIO 5','2011-04-21 19:37:53',13),(139,1,'2011-04-21 19:37:53','RSX','2011-04-21 19:37:53',1),(140,1,'2011-04-21 19:37:53','S10','2011-04-21 19:37:53',4),(141,1,'2011-04-21 19:37:53','S40 ','2011-04-21 19:37:53',31),(142,1,'2011-04-21 19:37:53','SCION xD','2011-04-21 19:37:53',26),(143,1,'2011-04-21 19:37:53','SENTRA','2011-04-21 19:37:53',22),(144,1,'2011-04-21 19:37:53','SENTRA CA','2011-04-21 19:37:53',22),(145,1,'2011-04-21 19:37:53','SMART FORTWO (CABRIOLET)','2011-04-21 19:37:53',18),(146,1,'2011-04-21 19:37:53','SMART FORTWO (COUPE)','2011-04-21 19:37:53',18),(147,1,'2011-04-21 19:37:53','SMART FORTWO CONVERTIBLE','2011-04-21 19:37:53',18),(148,1,'2011-04-21 19:37:53','SMART FORTWO COUPE','2011-04-21 19:37:53',18),(149,1,'2011-04-21 19:37:53','SMART FORTWO ELECTRIC DRIVE','2011-04-21 19:37:53',18),(150,1,'2011-04-21 19:37:53','SONATA','2011-04-21 19:37:53',11),(151,1,'2011-04-21 19:37:53','SOUL','2011-04-21 19:37:53',13),(152,1,'2011-04-21 19:37:53','SPECTRA','2011-04-21 19:37:53',13),(153,1,'2011-04-21 19:37:53','SPECTRA/SPECTRA5','2011-04-21 19:37:53',13),(154,1,'2011-04-21 19:37:53','SPORTAGE ','2011-04-21 19:37:53',13),(155,1,'2011-04-21 19:37:53','SWIFT','2011-04-21 19:37:53',28),(156,1,'2011-04-21 19:37:53','SWIFT +','2011-04-21 19:37:53',28),(157,1,'2011-04-21 19:37:53','SX4','2011-04-21 19:37:53',28),(158,1,'2011-04-21 19:37:53','SX4 SEDAN','2011-04-21 19:37:53',28),(159,1,'2011-04-21 19:37:53','SX4 SPORT','2011-04-21 19:37:53',28),(160,1,'2011-04-21 19:37:53','SX4 SPORT / ANNIVERSARY EDITION','2011-04-21 19:37:53',28),(161,1,'2011-04-21 19:37:53','tC','2011-04-21 19:37:53',26),(162,1,'2011-04-21 19:37:53','TERRAIN ','2011-04-21 19:37:53',9),(163,1,'2011-04-21 19:37:53','TRIBUTE ','2011-04-21 19:37:53',17),(164,1,'2011-04-21 19:37:53','TRIBUTE HYBRID','2011-04-21 19:37:53',17),(165,1,'2011-04-21 19:37:53','TT COUPE','2011-04-21 19:37:53',2),(166,1,'2011-04-21 19:37:53','TT COUPE QUATTRO','2011-04-21 19:37:53',2),(167,1,'2011-04-21 19:37:53','TT ROADSTER QUATTRO','2011-04-21 19:37:53',2),(168,1,'2011-04-21 19:37:53','TUCSON ','2011-04-21 19:37:53',11),(169,1,'2011-04-21 19:37:53','V50 ','2011-04-21 19:37:53',31),(170,1,'2011-04-21 19:37:53','VERSA','2011-04-21 19:37:53',22),(171,1,'2011-04-21 19:37:53','VIBE','2011-04-21 19:37:53',23),(172,1,'2011-04-21 19:37:53','VOLT','2011-04-21 19:37:53',4),(173,1,'2011-04-21 19:37:53','xA','2011-04-21 19:37:53',26),(174,1,'2011-04-21 19:37:53','xB','2011-04-21 19:37:53',26),(175,1,'2011-04-21 19:37:53','xD','2011-04-21 19:37:53',26),(176,1,'2011-04-21 19:37:53','YARIS','2011-04-21 19:37:53',29);
/*!40000 ALTER TABLE `car_model` ENABLE KEYS */;
UNLOCK TABLES;

--
-- Table structure for table `green_car`
--

DROP TABLE IF EXISTS `green_car`;
/*!40101 SET @saved_cs_client     = @@character_set_client */;
/*!40101 SET character_set_client = utf8 */;
CREATE TABLE `green_car` (
  `id` bigint(20) NOT NULL AUTO_INCREMENT,
  `version` bigint(20) NOT NULL,
  `car_model_id` bigint(20) NOT NULL,
  `date_created` datetime NOT NULL,
  `last_updated` datetime NOT NULL,
  `year` int(11) NOT NULL,
  `maker_id` bigint(20) DEFAULT NULL,
  PRIMARY KEY (`id`),
  KEY `FK7B3844988B3ADBBF` (`car_model_id`),
  KEY `FK7B384498FF6533EC` (`maker_id`)
) ENGINE=MyISAM AUTO_INCREMENT=426 DEFAULT CHARSET=latin1;
/*!40101 SET character_set_client = @saved_cs_client */;

--
-- Dumping data for table `green_car`
--

LOCK TABLES `green_car` WRITE;
/*!40000 ALTER TABLE `green_car` DISABLE KEYS */;
INSERT INTO `green_car` VALUES (1,1,139,'2011-04-21 19:38:56','2011-04-21 19:38:56',2006,NULL),(2,1,10,'2011-04-21 19:38:56','2011-04-21 19:38:56',2010,NULL),(3,1,10,'2011-04-21 19:38:56','2011-04-21 19:38:56',2011,NULL),(4,1,11,'2011-04-21 19:38:56','2011-04-21 19:38:56',2011,NULL),(5,1,12,'2011-04-21 19:38:56','2011-04-21 19:38:56',2011,NULL),(6,1,13,'2011-04-21 19:38:56','2011-04-21 19:38:56',2011,NULL),(7,1,14,'2011-04-21 19:38:56','2011-04-21 19:38:56',2011,NULL),(8,1,165,'2011-04-21 19:38:56','2011-04-21 19:38:56',2008,NULL),(9,1,165,'2011-04-21 19:38:56','2011-04-21 19:38:56',2009,NULL),(10,1,166,'2011-04-21 19:38:56','2011-04-21 19:38:56',2011,NULL),(11,1,167,'2011-04-21 19:38:56','2011-04-21 19:38:56',2011,NULL),(12,1,4,'2011-04-21 19:38:56','2011-04-21 19:38:56',2011,NULL),(13,1,5,'2011-04-21 19:38:56','2011-04-21 19:38:56',2011,NULL),(14,1,30,'2011-04-21 19:38:56','2011-04-21 19:38:56',2006,NULL),(15,1,30,'2011-04-21 19:38:56','2011-04-21 19:38:56',2007,NULL),(16,1,30,'2011-04-21 19:38:56','2011-04-21 19:38:56',2008,NULL),(17,1,30,'2011-04-21 19:38:56','2011-04-21 19:38:56',2009,NULL),(18,1,30,'2011-04-21 19:38:56','2011-04-21 19:38:56',2010,NULL),(19,1,30,'2011-04-21 19:38:56','2011-04-21 19:38:56',2011,NULL),(20,1,31,'2011-04-21 19:38:56','2011-04-21 19:38:56',2007,NULL),(21,1,31,'2011-04-21 19:38:56','2011-04-21 19:38:56',2008,NULL),(22,1,31,'2011-04-21 19:38:56','2011-04-21 19:38:56',2009,NULL),(23,1,31,'2011-04-21 19:38:56','2011-04-21 19:38:56',2010,NULL),(24,1,31,'2011-04-21 19:38:56','2011-04-21 19:38:56',2011,NULL),(25,1,45,'2011-04-21 19:38:56','2011-04-21 19:38:56',2006,NULL),(26,1,45,'2011-04-21 19:38:56','2011-04-21 19:38:56',2007,NULL),(27,1,45,'2011-04-21 19:38:56','2011-04-21 19:38:56',2008,NULL),(28,1,45,'2011-04-21 19:38:56','2011-04-21 19:38:56',2009,NULL),(29,1,46,'2011-04-21 19:38:56','2011-04-21 19:38:56',2010,NULL),(30,1,47,'2011-04-21 19:38:56','2011-04-21 19:38:56',2010,NULL),(31,1,48,'2011-04-21 19:38:56','2011-04-21 19:38:56',2009,NULL),(32,1,49,'2011-04-21 19:38:56','2011-04-21 19:38:56',2010,NULL),(33,1,50,'2011-04-21 19:38:56','2011-04-21 19:38:56',2010,NULL),(34,1,63,'2011-04-21 19:38:56','2011-04-21 19:38:56',2011,NULL),(35,1,64,'2011-04-21 19:38:56','2011-04-21 19:38:56',2011,NULL),(36,1,74,'2011-04-21 19:38:56','2011-04-21 19:38:56',2011,NULL),(37,1,101,'2011-04-21 19:38:56','2011-04-21 19:38:56',2010,NULL),(38,1,101,'2011-04-21 19:38:56','2011-04-21 19:38:56',2011,NULL),(39,1,102,'2011-04-21 19:38:56','2011-04-21 19:38:56',2010,NULL),(40,1,102,'2011-04-21 19:38:56','2011-04-21 19:38:56',2011,NULL),(41,1,120,'2011-04-21 19:38:56','2011-04-21 19:38:56',2009,NULL),(42,1,120,'2011-04-21 19:38:56','2011-04-21 19:38:56',2010,NULL),(43,1,120,'2011-04-21 19:38:56','2011-04-21 19:38:56',2011,NULL),(44,1,140,'2011-04-21 19:38:56','2011-04-21 19:38:56',1998,NULL),(45,1,140,'2011-04-21 19:38:56','2011-04-21 19:38:56',1999,NULL),(46,1,172,'2011-04-21 19:38:56','2011-04-21 19:38:56',2011,NULL),(47,1,1,'2011-04-21 19:38:56','2011-04-21 19:38:56',2011,NULL),(48,1,29,'2011-04-21 19:38:56','2011-04-21 19:38:56',2011,NULL),(49,1,33,'2011-04-21 19:38:56','2011-04-21 19:38:56',2007,NULL),(50,1,33,'2011-04-21 19:38:56','2011-04-21 19:38:56',2009,NULL),(51,1,33,'2011-04-21 19:38:56','2011-04-21 19:38:56',2011,NULL),(52,1,75,'2011-04-21 19:38:56','2011-04-21 19:38:56',2011,NULL),(53,1,76,'2011-04-21 19:38:56','2011-04-21 19:38:56',2005,NULL),(54,1,76,'2011-04-21 19:38:56','2011-04-21 19:38:56',2006,NULL),(55,1,76,'2011-04-21 19:38:56','2011-04-21 19:38:56',2007,NULL),(56,1,76,'2011-04-21 19:38:56','2011-04-21 19:38:56',2008,NULL),(57,1,76,'2011-04-21 19:38:56','2011-04-21 19:38:56',2010,NULL),(58,1,76,'2011-04-21 19:38:56','2011-04-21 19:38:56',2009,NULL),(59,1,79,'2011-04-21 19:38:56','2011-04-21 19:38:56',2011,NULL),(60,1,80,'2011-04-21 19:38:56','2011-04-21 19:38:56',2011,NULL),(61,1,82,'2011-04-21 19:38:56','2011-04-21 19:38:56',2006,NULL),(62,1,82,'2011-04-21 19:38:56','2011-04-21 19:38:56',2005,NULL),(63,1,82,'2011-04-21 19:38:56','2011-04-21 19:38:56',2007,NULL),(64,1,82,'2011-04-21 19:38:56','2011-04-21 19:38:56',2010,NULL),(65,1,82,'2011-04-21 19:38:56','2011-04-21 19:38:56',2011,NULL),(66,1,82,'2011-04-21 19:38:56','2011-04-21 19:38:56',2008,NULL),(67,1,82,'2011-04-21 19:38:56','2011-04-21 19:38:56',2009,NULL),(68,1,83,'2011-04-21 19:38:56','2011-04-21 19:38:56',2005,NULL),(69,1,83,'2011-04-21 19:38:56','2011-04-21 19:38:56',2006,NULL),(70,1,83,'2011-04-21 19:38:56','2011-04-21 19:38:56',2007,NULL),(71,1,87,'2011-04-21 19:38:56','2011-04-21 19:38:56',2006,NULL),(72,1,87,'2011-04-21 19:38:56','2011-04-21 19:38:56',2011,NULL),(73,1,88,'2011-04-21 19:38:56','2011-04-21 19:38:56',2010,NULL),(74,1,89,'2011-04-21 19:38:56','2011-04-21 19:38:56',2011,NULL),(75,1,90,'2011-04-21 19:38:56','2011-04-21 19:38:56',2010,NULL),(76,1,90,'2011-04-21 19:38:56','2011-04-21 19:38:56',2011,NULL),(77,1,135,'2011-04-21 19:38:56','2011-04-21 19:38:56',1999,NULL),(78,1,135,'2011-04-21 19:38:56','2011-04-21 19:38:56',2000,NULL),(79,1,77,'2011-04-21 19:38:56','2011-04-21 19:38:56',1998,NULL),(80,1,77,'2011-04-21 19:38:56','2011-04-21 19:38:56',1999,NULL),(81,1,77,'2011-04-21 19:38:56','2011-04-21 19:38:56',2000,NULL),(82,1,162,'2011-04-21 19:38:56','2011-04-21 19:38:56',2011,NULL),(83,1,17,'2011-04-21 19:38:56','2011-04-21 19:38:56',2006,NULL),(84,1,17,'2011-04-21 19:38:56','2011-04-21 19:38:56',2007,NULL),(85,1,18,'2011-04-21 19:38:56','2011-04-21 19:38:56',2011,NULL),(86,1,19,'2011-04-21 19:38:56','2011-04-21 19:38:56',2011,NULL),(87,1,20,'2011-04-21 19:38:56','2011-04-21 19:38:56',2006,NULL),(88,1,20,'2011-04-21 19:38:56','2011-04-21 19:38:56',2007,NULL),(89,1,39,'2011-04-21 19:38:56','2011-04-21 19:38:56',2002,NULL),(90,1,39,'2011-04-21 19:38:56','2011-04-21 19:38:56',2003,NULL),(91,1,39,'2011-04-21 19:38:56','2011-04-21 19:38:56',2006,NULL),(92,1,39,'2011-04-21 19:38:56','2011-04-21 19:38:56',2007,NULL),(93,1,39,'2011-04-21 19:38:56','2011-04-21 19:38:56',2008,NULL),(94,1,39,'2011-04-21 19:38:56','2011-04-21 19:38:56',2009,NULL),(95,1,39,'2011-04-21 19:38:56','2011-04-21 19:38:56',2010,NULL),(96,1,39,'2011-04-21 19:38:56','2011-04-21 19:38:56',2011,NULL),(97,1,40,'2011-04-21 19:38:56','2011-04-21 19:38:56',1998,NULL),(98,1,40,'2011-04-21 19:38:56','2011-04-21 19:38:56',1999,NULL),(99,1,40,'2011-04-21 19:38:56','2011-04-21 19:38:56',2000,NULL),(100,1,40,'2011-04-21 19:39:06','2011-04-21 19:39:06',2001,NULL),(101,1,40,'2011-04-21 19:39:06','2011-04-21 19:39:06',2002,NULL),(102,1,40,'2011-04-21 19:39:06','2011-04-21 19:39:06',2003,NULL),(103,1,40,'2011-04-21 19:39:06','2011-04-21 19:39:06',2004,NULL),(104,1,40,'2011-04-21 19:39:06','2011-04-21 19:39:06',2005,NULL),(105,1,40,'2011-04-21 19:39:06','2011-04-21 19:39:06',2006,NULL),(106,1,40,'2011-04-21 19:39:06','2011-04-21 19:39:06',2007,NULL),(107,1,40,'2011-04-21 19:39:06','2011-04-21 19:39:06',2008,NULL),(108,1,40,'2011-04-21 19:39:06','2011-04-21 19:39:06',2009,NULL),(109,1,40,'2011-04-21 19:39:06','2011-04-21 19:39:06',2010,NULL),(110,1,40,'2011-04-21 19:39:06','2011-04-21 19:39:06',2011,NULL),(111,1,41,'2011-04-21 19:39:06','2011-04-21 19:39:06',2001,NULL),(112,1,41,'2011-04-21 19:39:06','2011-04-21 19:39:06',2002,NULL),(113,1,41,'2011-04-21 19:39:06','2011-04-21 19:39:06',2003,NULL),(114,1,41,'2011-04-21 19:39:06','2011-04-21 19:39:06',2004,NULL),(115,1,41,'2011-04-21 19:39:06','2011-04-21 19:39:06',2005,NULL),(116,1,42,'2011-04-21 19:39:06','2011-04-21 19:39:06',2003,NULL),(117,1,42,'2011-04-21 19:39:06','2011-04-21 19:39:06',2004,NULL),(118,1,42,'2011-04-21 19:39:06','2011-04-21 19:39:06',2005,NULL),(119,1,42,'2011-04-21 19:39:06','2011-04-21 19:39:06',2006,NULL),(120,1,42,'2011-04-21 19:39:06','2011-04-21 19:39:06',2007,NULL),(121,1,42,'2011-04-21 19:39:06','2011-04-21 19:39:06',2008,NULL),(122,1,42,'2011-04-21 19:39:06','2011-04-21 19:39:06',2009,NULL),(123,1,42,'2011-04-21 19:39:06','2011-04-21 19:39:06',2010,NULL),(124,1,42,'2011-04-21 19:39:06','2011-04-21 19:39:06',2011,NULL),(125,1,65,'2011-04-21 19:39:06','2011-04-21 19:39:06',2011,NULL),(126,1,81,'2011-04-21 19:39:06','2011-04-21 19:39:06',2007,NULL),(127,1,81,'2011-04-21 19:39:06','2011-04-21 19:39:06',2008,NULL),(128,1,81,'2011-04-21 19:39:06','2011-04-21 19:39:06',2009,NULL),(129,1,81,'2011-04-21 19:39:06','2011-04-21 19:39:06',2010,NULL),(130,1,104,'2011-04-21 19:39:06','2011-04-21 19:39:06',2000,NULL),(131,1,104,'2011-04-21 19:39:06','2011-04-21 19:39:06',2001,NULL),(132,1,104,'2011-04-21 19:39:06','2011-04-21 19:39:06',2002,NULL),(133,1,104,'2011-04-21 19:39:06','2011-04-21 19:39:06',2003,NULL),(134,1,104,'2011-04-21 19:39:06','2011-04-21 19:39:06',2004,NULL),(135,1,104,'2011-04-21 19:39:06','2011-04-21 19:39:06',2005,NULL),(136,1,104,'2011-04-21 19:39:06','2011-04-21 19:39:06',2006,NULL),(137,1,104,'2011-04-21 19:39:06','2011-04-21 19:39:06',2010,NULL),(138,1,104,'2011-04-21 19:39:06','2011-04-21 19:39:06',2011,NULL),(139,1,15,'2011-04-21 19:39:06','2011-04-21 19:39:06',2006,NULL),(140,1,15,'2011-04-21 19:39:06','2011-04-21 19:39:06',2007,NULL),(141,1,15,'2011-04-21 19:39:06','2011-04-21 19:39:06',2008,NULL),(142,1,15,'2011-04-21 19:39:06','2011-04-21 19:39:06',2009,NULL),(143,1,15,'2011-04-21 19:39:06','2011-04-21 19:39:06',2010,NULL),(144,1,15,'2011-04-21 19:39:06','2011-04-21 19:39:06',2011,NULL),(145,1,16,'2011-04-21 19:39:06','2011-04-21 19:39:06',2010,NULL),(146,1,16,'2011-04-21 19:39:06','2011-04-21 19:39:06',2011,NULL),(147,1,68,'2011-04-21 19:39:06','2011-04-21 19:39:06',2006,NULL),(148,1,68,'2011-04-21 19:39:06','2011-04-21 19:39:06',2007,NULL),(149,1,68,'2011-04-21 19:39:06','2011-04-21 19:39:06',2008,NULL),(150,1,68,'2011-04-21 19:39:06','2011-04-21 19:39:06',2009,NULL),(151,1,68,'2011-04-21 19:39:06','2011-04-21 19:39:06',2010,NULL),(152,1,68,'2011-04-21 19:39:06','2011-04-21 19:39:06',2011,NULL),(153,1,69,'2011-04-21 19:39:06','2011-04-21 19:39:06',2010,NULL),(154,1,70,'2011-04-21 19:39:06','2011-04-21 19:39:06',2009,NULL),(155,1,70,'2011-04-21 19:39:06','2011-04-21 19:39:06',2011,NULL),(156,1,150,'2011-04-21 19:39:06','2011-04-21 19:39:06',2009,NULL),(157,1,150,'2011-04-21 19:39:06','2011-04-21 19:39:06',2011,NULL),(158,1,168,'2011-04-21 19:39:06','2011-04-21 19:39:06',2010,NULL),(159,1,168,'2011-04-21 19:39:06','2011-04-21 19:39:06',2011,NULL),(160,1,51,'2011-04-21 19:39:06','2011-04-21 19:39:06',2011,NULL),(161,1,132,'2011-04-21 19:39:06','2011-04-21 19:39:06',2011,NULL),(162,1,84,'2011-04-21 19:39:06','2011-04-21 19:39:06',2010,NULL),(163,1,84,'2011-04-21 19:39:06','2011-04-21 19:39:06',2011,NULL),(164,1,85,'2011-04-21 19:39:06','2011-04-21 19:39:06',2011,NULL),(165,1,86,'2011-04-21 19:39:06','2011-04-21 19:39:06',2011,NULL),(166,1,131,'2011-04-21 19:39:06','2011-04-21 19:39:06',2011,NULL),(167,1,137,'2011-04-21 19:39:06','2011-04-21 19:39:06',2008,NULL),(168,1,137,'2011-04-21 19:39:06','2011-04-21 19:39:06',2009,NULL),(169,1,137,'2011-04-21 19:39:06','2011-04-21 19:39:06',2010,NULL),(170,1,137,'2011-04-21 19:39:06','2011-04-21 19:39:06',2011,NULL),(171,1,138,'2011-04-21 19:39:06','2011-04-21 19:39:06',2006,NULL),(172,1,138,'2011-04-21 19:39:06','2011-04-21 19:39:06',2007,NULL),(173,1,151,'2011-04-21 19:39:06','2011-04-21 19:39:06',2010,NULL),(174,1,151,'2011-04-21 19:39:06','2011-04-21 19:39:06',2011,NULL),(175,1,152,'2011-04-21 19:39:06','2011-04-21 19:39:06',2006,NULL),(176,1,152,'2011-04-21 19:39:06','2011-04-21 19:39:06',2008,NULL),(177,1,152,'2011-04-21 19:39:06','2011-04-21 19:39:06',2009,NULL),(178,1,153,'2011-04-21 19:39:06','2011-04-21 19:39:06',2007,NULL),(179,1,154,'2011-04-21 19:39:06','2011-04-21 19:39:06',2011,NULL),(180,1,103,'2011-04-21 19:39:06','2011-04-21 19:39:06',2010,NULL),(181,1,103,'2011-04-21 19:39:06','2011-04-21 19:39:06',2011,NULL),(182,1,127,'2011-04-21 19:39:06','2011-04-21 19:39:06',2011,NULL),(183,1,71,'2011-04-21 19:39:06','2011-04-21 19:39:06',2006,NULL),(184,1,72,'2011-04-21 19:39:06','2011-04-21 19:39:06',2011,NULL),(185,1,72,'2011-04-21 19:39:06','2011-04-21 19:39:06',2007,NULL),(186,1,78,'2011-04-21 19:39:06','2011-04-21 19:39:06',2006,NULL),(187,1,3,'2011-04-21 19:39:06','2011-04-21 19:39:06',2005,NULL),(188,1,3,'2011-04-21 19:39:06','2011-04-21 19:39:06',2007,NULL),(189,1,3,'2011-04-21 19:39:06','2011-04-21 19:39:06',2008,NULL),(190,1,3,'2011-04-21 19:39:06','2011-04-21 19:39:06',2009,NULL),(191,1,3,'2011-04-21 19:39:06','2011-04-21 19:39:06',2010,NULL),(192,1,2,'2011-04-21 19:39:06','2011-04-21 19:39:06',2011,NULL),(193,1,3,'2011-04-21 19:39:06','2011-04-21 19:39:06',2004,NULL),(194,1,3,'2011-04-21 19:39:06','2011-04-21 19:39:06',2006,NULL),(195,1,3,'2011-04-21 19:39:06','2011-04-21 19:39:06',2011,NULL),(196,1,6,'2011-04-21 19:39:06','2011-04-21 19:39:06',2011,NULL),(197,1,128,'2011-04-21 19:39:06','2011-04-21 19:39:06',2006,NULL),(198,1,128,'2011-04-21 19:39:06','2011-04-21 19:39:06',2011,NULL),(199,1,129,'2011-04-21 19:39:06','2011-04-21 19:39:06',2007,NULL),(200,1,163,'2011-04-21 19:39:13','2011-04-21 19:39:13',2011,NULL),(201,1,164,'2011-04-21 19:39:13','2011-04-21 19:39:13',2006,NULL),(202,1,164,'2011-04-21 19:39:13','2011-04-21 19:39:13',2008,NULL),(203,1,164,'2011-04-21 19:39:13','2011-04-21 19:39:13',2010,NULL),(204,1,164,'2011-04-21 19:39:13','2011-04-21 19:39:13',2009,NULL),(205,1,145,'2011-04-21 19:39:13','2011-04-21 19:39:13',2010,NULL),(206,1,145,'2011-04-21 19:39:13','2011-04-21 19:39:13',2011,NULL),(207,1,146,'2011-04-21 19:39:13','2011-04-21 19:39:13',2010,NULL),(208,1,146,'2011-04-21 19:39:13','2011-04-21 19:39:13',2011,NULL),(209,1,147,'2011-04-21 19:39:13','2011-04-21 19:39:13',2008,NULL),(210,1,147,'2011-04-21 19:39:13','2011-04-21 19:39:13',2009,NULL),(211,1,148,'2011-04-21 19:39:13','2011-04-21 19:39:13',2008,NULL),(212,1,148,'2011-04-21 19:39:13','2011-04-21 19:39:13',2009,NULL),(213,1,149,'2011-04-21 19:39:13','2011-04-21 19:39:13',2011,NULL),(214,1,121,'2011-04-21 19:39:13','2011-04-21 19:39:13',2006,NULL),(215,1,121,'2011-04-21 19:39:13','2011-04-21 19:39:13',2007,NULL),(216,1,121,'2011-04-21 19:39:13','2011-04-21 19:39:13',2008,NULL),(217,1,121,'2011-04-21 19:39:13','2011-04-21 19:39:13',2010,NULL),(218,1,121,'2011-04-21 19:39:13','2011-04-21 19:39:13',2009,NULL),(219,1,123,'2011-04-21 19:39:13','2011-04-21 19:39:13',2006,NULL),(220,1,123,'2011-04-21 19:39:13','2011-04-21 19:39:13',2011,NULL),(221,1,124,'2011-04-21 19:39:13','2011-04-21 19:39:13',2010,NULL),(222,1,125,'2011-04-21 19:39:13','2011-04-21 19:39:13',2011,NULL),(223,1,126,'2011-04-21 19:39:13','2011-04-21 19:39:13',2010,NULL),(224,1,126,'2011-04-21 19:39:13','2011-04-21 19:39:13',2011,NULL),(225,1,43,'2011-04-21 19:39:13','2011-04-21 19:39:13',2008,NULL),(226,1,43,'2011-04-21 19:39:13','2011-04-21 19:39:13',2009,NULL),(227,1,43,'2011-04-21 19:39:13','2011-04-21 19:39:13',2010,NULL),(228,1,43,'2011-04-21 19:39:13','2011-04-21 19:39:13',2011,NULL),(229,1,44,'2011-04-21 19:39:13','2011-04-21 19:39:13',2008,NULL),(230,1,44,'2011-04-21 19:39:13','2011-04-21 19:39:13',2009,NULL),(231,1,44,'2011-04-21 19:39:13','2011-04-21 19:39:13',2010,NULL),(232,1,52,'2011-04-21 19:39:13','2011-04-21 19:39:13',2010,NULL),(233,1,52,'2011-04-21 19:39:13','2011-04-21 19:39:13',2011,NULL),(234,1,53,'2011-04-21 19:39:13','2011-04-21 19:39:13',2006,NULL),(235,1,53,'2011-04-21 19:39:13','2011-04-21 19:39:13',2008,NULL),(236,1,53,'2011-04-21 19:39:13','2011-04-21 19:39:13',2009,NULL),(237,1,53,'2011-04-21 19:39:13','2011-04-21 19:39:13',2010,NULL),(238,1,53,'2011-04-21 19:39:13','2011-04-21 19:39:13',2011,NULL),(239,1,54,'2011-04-21 19:39:13','2011-04-21 19:39:13',2007,NULL),(240,1,54,'2011-04-21 19:39:13','2011-04-21 19:39:13',2008,NULL),(241,1,55,'2011-04-21 19:39:13','2011-04-21 19:39:13',2011,NULL),(242,1,56,'2011-04-21 19:39:13','2011-04-21 19:39:13',2008,NULL),(243,1,56,'2011-04-21 19:39:13','2011-04-21 19:39:13',2009,NULL),(244,1,56,'2011-04-21 19:39:13','2011-04-21 19:39:13',2010,NULL),(245,1,56,'2011-04-21 19:39:13','2011-04-21 19:39:13',2011,NULL),(246,1,57,'2011-04-21 19:39:13','2011-04-21 19:39:13',2011,NULL),(247,1,58,'2011-04-21 19:39:13','2011-04-21 19:39:13',2010,NULL),(248,1,58,'2011-04-21 19:39:13','2011-04-21 19:39:13',2011,NULL),(249,1,59,'2011-04-21 19:39:13','2011-04-21 19:39:13',2011,NULL),(250,1,60,'2011-04-21 19:39:13','2011-04-21 19:39:13',2011,NULL),(251,1,108,'2011-04-21 19:39:13','2011-04-21 19:39:13',2009,NULL),(252,1,108,'2011-04-21 19:39:13','2011-04-21 19:39:13',2010,NULL),(253,1,108,'2011-04-21 19:39:13','2011-04-21 19:39:13',2011,NULL),(254,1,109,'2011-04-21 19:39:13','2011-04-21 19:39:13',2009,NULL),(255,1,110,'2011-04-21 19:39:13','2011-04-21 19:39:13',2010,NULL),(256,1,110,'2011-04-21 19:39:13','2011-04-21 19:39:13',2011,NULL),(257,1,111,'2011-04-21 19:39:13','2011-04-21 19:39:13',2009,NULL),(258,1,111,'2011-04-21 19:39:13','2011-04-21 19:39:13',2011,NULL),(259,1,112,'2011-04-21 19:39:13','2011-04-21 19:39:13',2010,NULL),(260,1,98,'2011-04-21 19:39:13','2011-04-21 19:39:13',2011,NULL),(261,1,116,'2011-04-21 19:39:13','2011-04-21 19:39:13',2006,NULL),(262,1,116,'2011-04-21 19:39:13','2011-04-21 19:39:13',2007,NULL),(263,1,116,'2011-04-21 19:39:13','2011-04-21 19:39:13',2008,NULL),(264,1,116,'2011-04-21 19:39:13','2011-04-21 19:39:13',2009,NULL),(265,1,116,'2011-04-21 19:39:13','2011-04-21 19:39:13',2011,NULL),(266,1,117,'2011-04-21 19:39:13','2011-04-21 19:39:13',2011,NULL),(267,1,21,'2011-04-21 19:39:13','2011-04-21 19:39:13',2006,NULL),(268,1,21,'2011-04-21 19:39:13','2011-04-21 19:39:13',2007,NULL),(269,1,21,'2011-04-21 19:39:13','2011-04-21 19:39:13',2008,NULL),(270,1,21,'2011-04-21 19:39:13','2011-04-21 19:39:13',2009,NULL),(271,1,21,'2011-04-21 19:39:13','2011-04-21 19:39:13',2011,NULL),(272,1,22,'2011-04-21 19:39:13','2011-04-21 19:39:13',2008,NULL),(273,1,22,'2011-04-21 19:39:13','2011-04-21 19:39:13',2009,NULL),(274,1,22,'2011-04-21 19:39:13','2011-04-21 19:39:13',2011,NULL),(275,1,23,'2011-04-21 19:39:13','2011-04-21 19:39:13',2007,NULL),(276,1,23,'2011-04-21 19:39:13','2011-04-21 19:39:13',2008,NULL),(277,1,23,'2011-04-21 19:39:13','2011-04-21 19:39:13',2009,NULL),(278,1,23,'2011-04-21 19:39:13','2011-04-21 19:39:13',2010,NULL),(279,1,23,'2011-04-21 19:39:13','2011-04-21 19:39:13',2011,NULL),(280,1,24,'2011-04-21 19:39:13','2011-04-21 19:39:13',2009,NULL),(281,1,25,'2011-04-21 19:39:13','2011-04-21 19:39:13',1999,NULL),(282,1,25,'2011-04-21 19:39:13','2011-04-21 19:39:13',2000,NULL),(283,1,66,'2011-04-21 19:39:13','2011-04-21 19:39:13',2010,NULL),(284,1,66,'2011-04-21 19:39:13','2011-04-21 19:39:13',2011,NULL),(285,1,113,'2011-04-21 19:39:13','2011-04-21 19:39:13',2011,NULL),(286,1,118,'2011-04-21 19:39:13','2011-04-21 19:39:13',2011,NULL),(287,1,143,'2011-04-21 19:39:13','2011-04-21 19:39:13',2003,NULL),(288,1,143,'2011-04-21 19:39:13','2011-04-21 19:39:13',2004,NULL),(289,1,143,'2011-04-21 19:39:13','2011-04-21 19:39:13',2005,NULL),(290,1,143,'2011-04-21 19:39:13','2011-04-21 19:39:13',2006,NULL),(291,1,143,'2011-04-21 19:39:13','2011-04-21 19:39:13',2007,NULL),(292,1,143,'2011-04-21 19:39:13','2011-04-21 19:39:13',2008,NULL),(293,1,143,'2011-04-21 19:39:13','2011-04-21 19:39:13',2010,NULL),(294,1,143,'2011-04-21 19:39:13','2011-04-21 19:39:13',2011,NULL),(295,1,144,'2011-04-21 19:39:13','2011-04-21 19:39:13',2002,NULL),(296,1,170,'2011-04-21 19:39:13','2011-04-21 19:39:13',2007,NULL),(297,1,170,'2011-04-21 19:39:13','2011-04-21 19:39:13',2008,NULL),(298,1,170,'2011-04-21 19:39:13','2011-04-21 19:39:13',2009,NULL),(299,1,170,'2011-04-21 19:39:13','2011-04-21 19:39:13',2010,NULL),(300,1,170,'2011-04-21 19:39:22','2011-04-21 19:39:22',2011,NULL),(301,1,91,'2011-04-21 19:39:22','2011-04-21 19:39:22',2009,NULL),(302,1,92,'2011-04-21 19:39:22','2011-04-21 19:39:22',2010,NULL),(303,1,93,'2011-04-21 19:39:22','2011-04-21 19:39:22',2007,NULL),(304,1,93,'2011-04-21 19:39:22','2011-04-21 19:39:22',2009,NULL),(305,1,93,'2011-04-21 19:39:22','2011-04-21 19:39:22',2010,NULL),(306,1,94,'2011-04-21 19:39:22','2011-04-21 19:39:22',2009,NULL),(307,1,94,'2011-04-21 19:39:22','2011-04-21 19:39:22',2010,NULL),(308,1,95,'2011-04-21 19:39:22','2011-04-21 19:39:22',2009,NULL),(309,1,95,'2011-04-21 19:39:22','2011-04-21 19:39:22',2010,NULL),(310,1,96,'2011-04-21 19:39:22','2011-04-21 19:39:22',2008,NULL),(311,1,97,'2011-04-21 19:39:22','2011-04-21 19:39:22',2009,NULL),(312,1,97,'2011-04-21 19:39:22','2011-04-21 19:39:22',2010,NULL),(313,1,171,'2011-04-21 19:39:22','2011-04-21 19:39:22',2005,NULL),(314,1,171,'2011-04-21 19:39:22','2011-04-21 19:39:22',2006,NULL),(315,1,171,'2011-04-21 19:39:22','2011-04-21 19:39:22',2007,NULL),(316,1,171,'2011-04-21 19:39:22','2011-04-21 19:39:22',2008,NULL),(317,1,171,'2011-04-21 19:39:22','2011-04-21 19:39:22',2009,NULL),(318,1,171,'2011-04-21 19:39:22','2011-04-21 19:39:22',2010,NULL),(319,1,7,'2011-04-21 19:39:22','2011-04-21 19:39:22',2011,NULL),(320,1,8,'2011-04-21 19:39:22','2011-04-21 19:39:22',2011,NULL),(321,1,9,'2011-04-21 19:39:22','2011-04-21 19:39:22',2011,NULL),(322,1,26,'2011-04-21 19:39:22','2011-04-21 19:39:22',2009,NULL),(323,1,27,'2011-04-21 19:39:22','2011-04-21 19:39:22',2009,NULL),(324,1,28,'2011-04-21 19:39:22','2011-04-21 19:39:22',2009,NULL),(325,1,28,'2011-04-21 19:39:22','2011-04-21 19:39:22',2010,NULL),(326,1,105,'2011-04-21 19:39:22','2011-04-21 19:39:22',2006,NULL),(327,1,105,'2011-04-21 19:39:22','2011-04-21 19:39:22',2007,NULL),(328,1,142,'2011-04-21 19:39:22','2011-04-21 19:39:22',2009,NULL),(329,1,161,'2011-04-21 19:39:22','2011-04-21 19:39:22',2011,NULL),(330,1,173,'2011-04-21 19:39:22','2011-04-21 19:39:22',2006,NULL),(331,1,174,'2011-04-21 19:39:22','2011-04-21 19:39:22',2006,NULL),(332,1,175,'2011-04-21 19:39:22','2011-04-21 19:39:22',2008,NULL),(333,1,175,'2011-04-21 19:39:22','2011-04-21 19:39:22',2010,NULL),(334,1,175,'2011-04-21 19:39:22','2011-04-21 19:39:22',2011,NULL),(335,1,119,'2011-04-21 19:39:22','2011-04-21 19:39:22',2011,NULL),(336,1,114,'2011-04-21 19:39:22','2011-04-21 19:39:22',2011,NULL),(337,1,114,'2011-04-21 19:39:22','2011-04-21 19:39:22',2011,NULL),(338,1,115,'2011-04-21 19:39:22','2011-04-21 19:39:22',2011,NULL),(339,1,115,'2011-04-21 19:39:22','2011-04-21 19:39:22',2011,NULL),(340,1,155,'2011-04-21 19:39:22','2011-04-21 19:39:22',2001,NULL),(341,1,156,'2011-04-21 19:39:22','2011-04-21 19:39:22',2010,NULL),(342,1,156,'2011-04-21 19:39:22','2011-04-21 19:39:22',2011,NULL),(343,1,157,'2011-04-21 19:39:22','2011-04-21 19:39:22',2007,NULL),(344,1,157,'2011-04-21 19:39:22','2011-04-21 19:39:22',2011,NULL),(345,1,157,'2011-04-21 19:39:22','2011-04-21 19:39:22',2011,NULL),(346,1,158,'2011-04-21 19:39:22','2011-04-21 19:39:22',2010,NULL),(347,1,158,'2011-04-21 19:39:22','2011-04-21 19:39:22',2011,NULL),(348,1,159,'2011-04-21 19:39:22','2011-04-21 19:39:22',2010,NULL),(349,1,160,'2011-04-21 19:39:22','2011-04-21 19:39:22',2011,NULL),(350,1,34,'2011-04-21 19:39:22','2011-04-21 19:39:22',2001,NULL),(351,1,34,'2011-04-21 19:39:22','2011-04-21 19:39:22',2006,NULL),(352,1,34,'2011-04-21 19:39:22','2011-04-21 19:39:22',2007,NULL),(353,1,34,'2011-04-21 19:39:22','2011-04-21 19:39:22',2008,NULL),(354,1,34,'2011-04-21 19:39:22','2011-04-21 19:39:22',2009,NULL),(355,1,34,'2011-04-21 19:39:22','2011-04-21 19:39:22',2011,NULL),(356,1,35,'2011-04-21 19:39:22','2011-04-21 19:39:22',2000,NULL),(357,1,36,'2011-04-21 19:39:22','2011-04-21 19:39:22',2007,NULL),(358,1,36,'2011-04-21 19:39:22','2011-04-21 19:39:22',2008,NULL),(359,1,36,'2011-04-21 19:39:22','2011-04-21 19:39:22',2009,NULL),(360,1,36,'2011-04-21 19:39:22','2011-04-21 19:39:22',2010,NULL),(361,1,36,'2011-04-21 19:39:22','2011-04-21 19:39:22',2011,NULL),(362,1,37,'2011-04-21 19:39:22','2011-04-21 19:39:22',2007,NULL),(363,1,61,'2011-04-21 19:39:22','2011-04-21 19:39:22',2003,NULL),(364,1,61,'2011-04-21 19:39:22','2011-04-21 19:39:22',2004,NULL),(365,1,61,'2011-04-21 19:39:22','2011-04-21 19:39:22',2005,NULL),(366,1,61,'2011-04-21 19:39:22','2011-04-21 19:39:22',2006,NULL),(367,1,61,'2011-04-21 19:39:22','2011-04-21 19:39:22',2007,NULL),(368,1,61,'2011-04-21 19:39:22','2011-04-21 19:39:22',2008,NULL),(369,1,61,'2011-04-21 19:39:22','2011-04-21 19:39:22',2009,NULL),(370,1,61,'2011-04-21 19:39:22','2011-04-21 19:39:22',2010,NULL),(371,1,61,'2011-04-21 19:39:22','2011-04-21 19:39:22',2011,NULL),(372,1,62,'2011-04-21 19:39:22','2011-04-21 19:39:22',2008,NULL),(373,1,62,'2011-04-21 19:39:22','2011-04-21 19:39:22',2009,NULL),(374,1,62,'2011-04-21 19:39:22','2011-04-21 19:39:22',2010,NULL),(375,1,62,'2011-04-21 19:39:22','2011-04-21 19:39:22',2011,NULL),(376,1,67,'2011-04-21 19:39:22','2011-04-21 19:39:22',2001,NULL),(377,1,67,'2011-04-21 19:39:22','2011-04-21 19:39:22',2002,NULL),(378,1,67,'2011-04-21 19:39:22','2011-04-21 19:39:22',2003,NULL),(379,1,67,'2011-04-21 19:39:22','2011-04-21 19:39:22',2004,NULL),(380,1,67,'2011-04-21 19:39:22','2011-04-21 19:39:22',2005,NULL),(381,1,122,'2011-04-21 19:39:22','2011-04-21 19:39:22',2005,NULL),(382,1,122,'2011-04-21 19:39:22','2011-04-21 19:39:22',2006,NULL),(383,1,122,'2011-04-21 19:39:22','2011-04-21 19:39:22',2007,NULL),(384,1,133,'2011-04-21 19:39:22','2011-04-21 19:39:22',2001,NULL),(385,1,133,'2011-04-21 19:39:22','2011-04-21 19:39:22',2002,NULL),(386,1,133,'2011-04-21 19:39:22','2011-04-21 19:39:22',2003,NULL),(387,1,133,'2011-04-21 19:39:22','2011-04-21 19:39:22',2004,NULL),(388,1,133,'2011-04-21 19:39:22','2011-04-21 19:39:22',2005,NULL),(389,1,133,'2011-04-21 19:39:22','2011-04-21 19:39:22',2006,NULL),(390,1,133,'2011-04-21 19:39:22','2011-04-21 19:39:22',2007,NULL),(391,1,133,'2011-04-21 19:39:22','2011-04-21 19:39:22',2008,NULL),(392,1,133,'2011-04-21 19:39:22','2011-04-21 19:39:22',2009,NULL),(393,1,133,'2011-04-21 19:39:22','2011-04-21 19:39:22',2010,NULL),(394,1,133,'2011-04-21 19:39:22','2011-04-21 19:39:22',2011,NULL),(395,1,136,'2011-04-21 19:39:22','2011-04-21 19:39:22',1998,NULL),(396,1,136,'2011-04-21 19:39:22','2011-04-21 19:39:22',2000,NULL),(397,1,136,'2011-04-21 19:39:22','2011-04-21 19:39:22',2001,NULL),(398,1,136,'2011-04-21 19:39:22','2011-04-21 19:39:22',2002,NULL),(399,1,136,'2011-04-21 19:39:22','2011-04-21 19:39:22',2003,NULL),(400,1,136,'2011-04-21 19:39:28','2011-04-21 19:39:28',2011,NULL),(401,1,176,'2011-04-21 19:39:28','2011-04-21 19:39:28',2007,NULL),(402,1,176,'2011-04-21 19:39:28','2011-04-21 19:39:28',2008,NULL),(403,1,176,'2011-04-21 19:39:28','2011-04-21 19:39:28',2009,NULL),(404,1,176,'2011-04-21 19:39:28','2011-04-21 19:39:28',2010,NULL),(405,1,176,'2011-04-21 19:39:28','2011-04-21 19:39:28',2011,NULL),(406,1,38,'2011-04-21 19:39:28','2011-04-21 19:39:28',2011,NULL),(407,1,73,'2011-04-21 19:39:28','2011-04-21 19:39:28',2011,NULL),(408,1,99,'2011-04-21 19:39:28','2011-04-21 19:39:28',2010,NULL),(409,1,99,'2011-04-21 19:39:28','2011-04-21 19:39:28',2011,NULL),(410,1,100,'2011-04-21 19:39:28','2011-04-21 19:39:28',2010,NULL),(411,1,100,'2011-04-21 19:39:28','2011-04-21 19:39:28',2011,NULL),(412,1,106,'2011-04-21 19:39:28','2011-04-21 19:39:28',2009,NULL),(413,1,106,'2011-04-21 19:39:28','2011-04-21 19:39:28',2010,NULL),(414,1,106,'2011-04-21 19:39:28','2011-04-21 19:39:28',2011,NULL),(415,1,107,'2011-04-21 19:39:28','2011-04-21 19:39:28',2009,NULL),(416,1,107,'2011-04-21 19:39:28','2011-04-21 19:39:28',2010,NULL),(417,1,107,'2011-04-21 19:39:28','2011-04-21 19:39:28',2011,NULL),(418,1,130,'2011-04-21 19:39:28','2011-04-21 19:39:28',2006,NULL),(419,1,130,'2011-04-21 19:39:28','2011-04-21 19:39:28',2007,NULL),(420,1,134,'2011-04-21 19:39:28','2011-04-21 19:39:28',2008,NULL),(421,1,134,'2011-04-21 19:39:28','2011-04-21 19:39:28',2009,NULL),(422,1,32,'2011-04-21 19:39:28','2011-04-21 19:39:28',2011,NULL),(423,1,141,'2011-04-21 19:39:28','2011-04-21 19:39:28',2011,NULL),(424,1,169,'2011-04-21 19:39:28','2011-04-21 19:39:28',2011,NULL);
/*!40000 ALTER TABLE `green_car` ENABLE KEYS */;
UNLOCK TABLES;

--
-- Table structure for table `maker`
--

DROP TABLE IF EXISTS `maker`;
/*!40101 SET @saved_cs_client     = @@character_set_client */;
/*!40101 SET character_set_client = utf8 */;
CREATE TABLE `maker` (
  `id` bigint(20) NOT NULL AUTO_INCREMENT,
  `version` bigint(20) NOT NULL,
  `date_created` datetime NOT NULL,
  `description` varchar(255) NOT NULL,
  `last_updated` datetime NOT NULL,
  PRIMARY KEY (`id`)
) ENGINE=MyISAM AUTO_INCREMENT=35 DEFAULT CHARSET=latin1;
/*!40101 SET character_set_client = @saved_cs_client */;

--
-- Dumping data for table `maker`
--

LOCK TABLES `maker` WRITE;
/*!40000 ALTER TABLE `maker` DISABLE KEYS */;
INSERT INTO `maker` VALUES (1,1,'2011-04-21 19:37:34','ACURA','2011-04-21 19:37:34'),(2,1,'2011-04-21 19:37:34','AUDI','2011-04-21 19:37:34'),(3,1,'2011-04-21 19:37:34','BMW','2011-04-21 19:37:34'),(4,1,'2011-04-21 19:37:34','CHEVROLET','2011-04-21 19:37:34'),(5,1,'2011-04-21 19:37:34','CHRYSLER','2011-04-21 19:37:34'),(6,1,'2011-04-21 19:37:34','DODGE','2011-04-21 19:37:34'),(7,1,'2011-04-21 19:37:34','FORD','2011-04-21 19:37:34'),(8,1,'2011-04-21 19:37:34','GM','2011-04-21 19:37:34'),(9,1,'2011-04-21 19:37:34','GMC','2011-04-21 19:37:34'),(10,1,'2011-04-21 19:37:34','HONDA','2011-04-21 19:37:34'),(11,1,'2011-04-21 19:37:34','HYUNDAI','2011-04-21 19:37:34'),(12,1,'2011-04-21 19:37:34','JEEP','2011-04-21 19:37:34'),(13,1,'2011-04-21 19:37:34','KIA','2011-04-21 19:37:34'),(14,1,'2011-04-21 19:37:34','LEXUS','2011-04-21 19:37:34'),(15,1,'2011-04-21 19:37:34','LINCOLN','2011-04-21 19:37:34'),(16,1,'2011-04-21 19:37:34','LOTUS','2011-04-21 19:37:34'),(17,1,'2011-04-21 19:37:34','MAZDA','2011-04-21 19:37:34'),(18,1,'2011-04-21 19:37:34','MERCEDES-BENZ','2011-04-21 19:37:34'),(19,1,'2011-04-21 19:37:34','MERCURY','2011-04-21 19:37:34'),(20,1,'2011-04-21 19:37:34','MINI','2011-04-21 19:37:34'),(21,1,'2011-04-21 19:37:34','MITSUBISHI','2011-04-21 19:37:34'),(22,1,'2011-04-21 19:37:34','NISSAN','2011-04-21 19:37:34'),(23,1,'2011-04-21 19:37:34','PONTIAC','2011-04-21 19:37:34'),(24,1,'2011-04-21 19:37:34','SAAB','2011-04-21 19:37:34'),(25,1,'2011-04-21 19:37:34','SATURN','2011-04-21 19:37:34'),(26,1,'2011-04-21 19:37:34','SCION','2011-04-21 19:37:34'),(27,1,'2011-04-21 19:37:34','SUBARU','2011-04-21 19:37:34'),(28,1,'2011-04-21 19:37:34','SUZUKI','2011-04-21 19:37:34'),(29,1,'2011-04-21 19:37:34','TOYOTA','2011-04-21 19:37:34'),(30,1,'2011-04-21 19:37:34','VOLKSWAGEN','2011-04-21 19:37:34'),(31,1,'2011-04-21 19:37:34','VOLVO','2011-04-21 19:37:34');
/*!40000 ALTER TABLE `maker` ENABLE KEYS */;
UNLOCK TABLES;

--
-- Table structure for table `parking_record`
--

DROP TABLE IF EXISTS `parking_record`;
/*!40101 SET @saved_cs_client     = @@character_set_client */;
/*!40101 SET character_set_client = utf8 */;
CREATE TABLE `parking_record` (
  `id` bigint(20) NOT NULL AUTO_INCREMENT,
  `version` bigint(20) NOT NULL,
  `car_id` bigint(20) NOT NULL,
  `date_created` datetime NOT NULL,
  `entrance_date` datetime NOT NULL,
  `exit_date` datetime NOT NULL,
  `last_updated` datetime NOT NULL,
  PRIMARY KEY (`id`),
  KEY `FKF63696B8945FCE6C` (`car_id`)
) ENGINE=MyISAM DEFAULT CHARSET=latin1;
/*!40101 SET character_set_client = @saved_cs_client */;

--
-- Dumping data for table `parking_record`
--

LOCK TABLES `parking_record` WRITE;
/*!40000 ALTER TABLE `parking_record` DISABLE KEYS */;
/*!40000 ALTER TABLE `parking_record` ENABLE KEYS */;
UNLOCK TABLES;

--
-- Table structure for table `person`
--

DROP TABLE IF EXISTS `person`;
/*!40101 SET @saved_cs_client     = @@character_set_client */;
/*!40101 SET character_set_client = utf8 */;
CREATE TABLE `person` (
  `id` bigint(20) NOT NULL AUTO_INCREMENT,
  `version` bigint(20) NOT NULL,
  `date_created` datetime NOT NULL,
  `email` varchar(255) NOT NULL,
  `last_name` varchar(255) NOT NULL,
  `last_updated` datetime NOT NULL,
  `name` varchar(255) NOT NULL,
  PRIMARY KEY (`id`)
) ENGINE=MyISAM AUTO_INCREMENT=11 DEFAULT CHARSET=latin1;
/*!40101 SET character_set_client = @saved_cs_client */;

--
-- Dumping data for table `person`
--

LOCK TABLES `person` WRITE;
/*!40000 ALTER TABLE `person` DISABLE KEYS */;
INSERT INTO `person` VALUES (1,2,'2011-04-22 13:48:53','israel.segundo@gmail.com','Segundo Osorio','2011-04-22 21:21:00','Israel');
/*!40000 ALTER TABLE `person` ENABLE KEYS */;
UNLOCK TABLES;
/*!40103 SET TIME_ZONE=@OLD_TIME_ZONE */;

/*!40101 SET SQL_MODE=@OLD_SQL_MODE */;
/*!40014 SET FOREIGN_KEY_CHECKS=@OLD_FOREIGN_KEY_CHECKS */;
/*!40014 SET UNIQUE_CHECKS=@OLD_UNIQUE_CHECKS */;
/*!40101 SET CHARACTER_SET_CLIENT=@OLD_CHARACTER_SET_CLIENT */;
/*!40101 SET CHARACTER_SET_RESULTS=@OLD_CHARACTER_SET_RESULTS */;
/*!40101 SET COLLATION_CONNECTION=@OLD_COLLATION_CONNECTION */;
/*!40111 SET SQL_NOTES=@OLD_SQL_NOTES */;

-- Dump completed on 2011-04-23  1:01:30
