-- MySQL dump 10.13  Distrib 5.1.41, for debian-linux-gnu (i486)
--
-- Host: localhost    Database: bcba_parking_lot
-- ------------------------------------------------------
-- Server version	5.1.41-3ubuntu12.10

/*!40101 SET @OLD_CHARACTER_SET_CLIENT=@@CHARACTER_SET_CLIENT */;
/*!40101 SET @OLD_CHARACTER_SET_RESULTS=@@CHARACTER_SET_RESULTS */;
/*!40101 SET @OLD_COLLATION_CONNECTION=@@COLLATION_CONNECTION */;
/*!40101 SET NAMES utf8 */;
/*!40103 SET @OLD_TIME_ZONE=@@TIME_ZONE */;
/*!40103 SET TIME_ZONE='+00:00' */;
/*!40014 SET @OLD_UNIQUE_CHECKS=@@UNIQUE_CHECKS, UNIQUE_CHECKS=0 */;
/*!40014 SET @OLD_FOREIGN_KEY_CHECKS=@@FOREIGN_KEY_CHECKS, FOREIGN_KEY_CHECKS=0 */;
/*!40101 SET @OLD_SQL_MODE=@@SQL_MODE, SQL_MODE='NO_AUTO_VALUE_ON_ZERO' */;
/*!40111 SET @OLD_SQL_NOTES=@@SQL_NOTES, SQL_NOTES=0 */;

--
-- Table structure for table `car`
--

DROP TABLE IF EXISTS `car`;
/*!40101 SET @saved_cs_client     = @@character_set_client */;
/*!40101 SET character_set_client = utf8 */;
CREATE TABLE `car` (
  `id` bigint(20) NOT NULL AUTO_INCREMENT,
  `version` bigint(20) NOT NULL,
  `car_model_id` bigint(20) NOT NULL,
  `color` varchar(255) NOT NULL,
  `date_created` datetime NOT NULL,
  `discount` bit(1) NOT NULL,
  `last_updated` datetime NOT NULL,
  `person_id` bigint(20) NOT NULL,
  `plate_number` varchar(255) NOT NULL,
  `year` int(11) NOT NULL,
  PRIMARY KEY (`id`),
  KEY `FK17FD48B3ADBBF` (`car_model_id`),
  KEY `FK17FD4D8F97328` (`person_id`)
) ENGINE=MyISAM DEFAULT CHARSET=latin1;
/*!40101 SET character_set_client = @saved_cs_client */;

--
-- Dumping data for table `car`
--

LOCK TABLES `car` WRITE;
/*!40000 ALTER TABLE `car` DISABLE KEYS */;
/*!40000 ALTER TABLE `car` ENABLE KEYS */;
UNLOCK TABLES;

--
-- Table structure for table `car_model`
--

DROP TABLE IF EXISTS `car_model`;
/*!40101 SET @saved_cs_client     = @@character_set_client */;
/*!40101 SET character_set_client = utf8 */;
CREATE TABLE `car_model` (
  `id` bigint(20) NOT NULL AUTO_INCREMENT,
  `version` bigint(20) NOT NULL,
  `date_created` datetime NOT NULL,
  `description` varchar(255) NOT NULL,
  `last_updated` datetime NOT NULL,
  `maker_id` bigint(20) NOT NULL,
  PRIMARY KEY (`id`),
  KEY `FKE99FAEFEFF6533EC` (`maker_id`)
) ENGINE=MyISAM AUTO_INCREMENT=177 DEFAULT CHARSET=latin1;
/*!40101 SET character_set_client = @saved_cs_client */;

--
-- Dumping data for table `car_model`
--

LOCK TABLES `car_model` WRITE;
/*!40000 ALTER TABLE `car_model` DISABLE KEYS */;
INSERT INTO `car_model` VALUES (1,1,'2011-04-21 18:42:36','200','2011-04-21 18:42:36',5),(2,1,'2011-04-21 18:42:36','2','2011-04-21 18:42:36',17),(3,1,'2011-04-21 18:42:36','3','2011-04-21 18:42:36',17),(4,1,'2011-04-21 18:42:36','335D','2011-04-21 18:42:36',3),(5,1,'2011-04-21 18:42:36','528i','2011-04-21 18:42:36',3),(6,1,'2011-04-21 18:42:36','6','2011-04-21 18:42:36',17),(7,1,'2011-04-21 18:42:36','9-3 SPORT SEDAN','2011-04-21 18:42:36',24),(8,1,'2011-04-21 18:42:36','9-3 SPORTCOMBI','2011-04-21 18:42:36',24),(9,1,'2011-04-21 18:42:36','9-5 SEDAN','2011-04-21 18:42:36',24),(10,1,'2011-04-21 18:42:36','A3','2011-04-21 18:42:36',2),(11,1,'2011-04-21 18:42:36','A4','2011-04-21 18:42:36',2),(12,1,'2011-04-21 18:42:36','A4 QUATTRO','2011-04-21 18:42:36',2),(13,1,'2011-04-21 18:42:36','A5 CABRIOLET','2011-04-21 18:42:36',2),(14,1,'2011-04-21 18:42:36','A5 QUATTRO','2011-04-21 18:42:36',2),(15,1,'2011-04-21 18:42:36','ACCENT','2011-04-21 18:42:36',11),(16,1,'2011-04-21 18:42:36','ACCENT BLUE','2011-04-21 18:42:36',11),(17,1,'2011-04-21 18:42:36','ACCORD','2011-04-21 18:42:36',10),(18,1,'2011-04-21 18:42:36','ACCORD 2DR COUPE','2011-04-21 18:42:36',10),(19,1,'2011-04-21 18:42:36','ACCORD 4DR SEDAN','2011-04-21 18:42:36',10),(20,1,'2011-04-21 18:42:36','ACCORD HYBRID','2011-04-21 18:42:36',10),(21,1,'2011-04-21 18:42:36','ALTIMA','2011-04-21 18:42:36',22),(22,1,'2011-04-21 18:42:36','ALTIMA COUPE','2011-04-21 18:42:36',22),(23,1,'2011-04-21 18:42:36','ALTIMA HYBRID','2011-04-21 18:42:36',22),(24,1,'2011-04-21 18:42:36','ALTIMA SE-R','2011-04-21 18:42:36',22),(25,1,'2011-04-21 18:42:36','ALTRA','2011-04-21 18:42:36',22),(26,1,'2011-04-21 18:42:36','ASTRA 2D HATCHBACK','2011-04-21 18:42:36',25),(27,1,'2011-04-21 18:42:36','ASTRA 4DR HATCHBACK','2011-04-21 18:42:36',25),(28,1,'2011-04-21 18:42:36','AURA','2011-04-21 18:42:36',25),(29,1,'2011-04-21 18:42:36','AVENGER','2011-04-21 18:42:36',6),(30,1,'2011-04-21 18:42:36','AVEO','2011-04-21 18:42:36',4),(31,1,'2011-04-21 18:42:36','AVEO 5','2011-04-21 18:42:36',4),(32,1,'2011-04-21 18:42:36','C30 ','2011-04-21 18:42:36',31),(33,1,'2011-04-21 18:42:36','CALIBER','2011-04-21 18:42:36',6),(34,1,'2011-04-21 18:42:36','CAMRY','2011-04-21 18:42:36',29),(35,1,'2011-04-21 18:42:36','CAMRY CNG','2011-04-21 18:42:36',29),(36,1,'2011-04-21 18:42:36','CAMRY HYBRID','2011-04-21 18:42:36',29),(37,1,'2011-04-21 18:42:36','CAMRY SOLARA','2011-04-21 18:42:36',29),(38,1,'2011-04-21 18:42:36','CC','2011-04-21 18:42:36',30),(39,1,'2011-04-21 18:42:36','CIVIC','2011-04-21 18:42:36',10),(40,1,'2011-04-21 18:42:36','CIVIC GX','2011-04-21 18:42:36',10),(41,1,'2011-04-21 18:42:36','CIVIC HX','2011-04-21 18:42:36',10),(42,1,'2011-04-21 18:42:36','CIVIC HYBRID','2011-04-21 18:42:36',10),(43,1,'2011-04-21 18:42:36','CLUBMAN','2011-04-21 18:42:36',20),(44,1,'2011-04-21 18:42:36','CLUBMAN S','2011-04-21 18:42:36',20),(45,1,'2011-04-21 18:42:36','COBALT','2011-04-21 18:42:36',4),(46,1,'2011-04-21 18:42:36','COBALT COUPE','2011-04-21 18:42:36',4),(47,1,'2011-04-21 18:42:36','COBALT SEDAN','2011-04-21 18:42:36',4),(48,1,'2011-04-21 18:42:36','COBALT XFE','2011-04-21 18:42:36',4),(49,1,'2011-04-21 18:42:36','COBALT XFE COUPE','2011-04-21 18:42:36',4),(50,1,'2011-04-21 18:42:36','COBALT XFE SEDAN','2011-04-21 18:42:36',4),(51,1,'2011-04-21 18:42:36','COMPASS ','2011-04-21 18:42:36',12),(52,1,'2011-04-21 18:42:36','CONVERTIBLE','2011-04-21 18:42:36',20),(53,1,'2011-04-21 18:42:36','COOPER','2011-04-21 18:42:36',20),(54,1,'2011-04-21 18:42:36','COOPER CONVERTIBLE','2011-04-21 18:42:36',20),(55,1,'2011-04-21 18:42:36','COOPER COUNTRYMAN','2011-04-21 18:42:36',20),(56,1,'2011-04-21 18:42:36','COOPER S','2011-04-21 18:42:36',20),(57,1,'2011-04-21 18:42:36','COOPER S CLUBMAN','2011-04-21 18:42:36',20),(58,1,'2011-04-21 18:42:36','COOPER S CONVERTIBLE','2011-04-21 18:42:36',20),(59,1,'2011-04-21 18:42:36','COOPER S COUNTRYMAN','2011-04-21 18:42:36',20),(60,1,'2011-04-21 18:42:36','COOPER S COUNTRYMAN ALL4','2011-04-21 18:42:36',20),(61,1,'2011-04-21 18:42:36','COROLLA','2011-04-21 18:42:36',29),(62,1,'2011-04-21 18:42:36','COROLLA MATRIX','2011-04-21 18:42:36',29),(63,1,'2011-04-21 18:42:36','CRUZE','2011-04-21 18:42:36',4),(64,1,'2011-04-21 18:42:36','CRUZE ECO','2011-04-21 18:42:36',4),(65,1,'2011-04-21 18:42:36','CR-Z','2011-04-21 18:42:36',10),(66,1,'2011-04-21 18:42:36','CUBE','2011-04-21 18:42:36',22),(67,1,'2011-04-21 18:42:36','ECHO','2011-04-21 18:42:36',29),(68,1,'2011-04-21 18:42:36','ELANTRA','2011-04-21 18:42:36',11),(69,1,'2011-04-21 18:42:36','ELANTRA BLUE','2011-04-21 18:42:36',11),(70,1,'2011-04-21 18:42:36','ELANTRA TOURING','2011-04-21 18:42:36',11),(71,1,'2011-04-21 18:42:36','ELISE','2011-04-21 18:42:36',16),(72,1,'2011-04-21 18:42:36','ELISE/EXIGE','2011-04-21 18:42:36',16),(73,1,'2011-04-21 18:42:36','EOS','2011-04-21 18:42:36',30),(74,1,'2011-04-21 18:42:36','EQUINOX ','2011-04-21 18:42:36',4),(75,1,'2011-04-21 18:42:36','ESCAPE ','2011-04-21 18:42:36',7),(76,1,'2011-04-21 18:42:36','ESCAPE HYBRID','2011-04-21 18:42:36',7),(77,1,'2011-04-21 18:42:36','EV1','2011-04-21 18:42:36',8),(78,1,'2011-04-21 18:42:36','EXIGE','2011-04-21 18:42:36',16),(79,1,'2011-04-21 18:42:36','FIESTA ','2011-04-21 18:42:36',7),(80,1,'2011-04-21 18:42:36','FIESTA SFE ','2011-04-21 18:42:36',7),(81,1,'2011-04-21 18:42:36','FIT','2011-04-21 18:42:36',10),(82,1,'2011-04-21 18:42:36','FOCUS','2011-04-21 18:42:36',7),(83,1,'2011-04-21 18:42:36','FOCUS WAGON','2011-04-21 18:42:36',7),(84,1,'2011-04-21 18:42:36','FORTE','2011-04-21 18:42:36',13),(85,1,'2011-04-21 18:42:36','FORTE ECO','2011-04-21 18:42:36',13),(86,1,'2011-04-21 18:42:36','FORTE KOUP','2011-04-21 18:42:36',13),(87,1,'2011-04-21 18:42:36','FUSION','2011-04-21 18:42:36',7),(88,1,'2011-04-21 18:42:36','FUSION HYBRID ','2011-04-21 18:42:36',7),(89,1,'2011-04-21 18:42:36','FUSION HYBRID FWD','2011-04-21 18:42:36',7),(90,1,'2011-04-21 18:42:36','FUSION S ','2011-04-21 18:42:36',7),(91,1,'2011-04-21 18:42:36','G3','2011-04-21 18:42:36',23),(92,1,'2011-04-21 18:42:36','G3 (5 DOOR)','2011-04-21 18:42:36',23),(93,1,'2011-04-21 18:42:36','G5','2011-04-21 18:42:36',23),(94,1,'2011-04-21 18:42:36','G5 GT','2011-04-21 18:42:36',23),(95,1,'2011-04-21 18:42:36','G5 XFE','2011-04-21 18:42:36',23),(96,1,'2011-04-21 18:42:36','G5/PURSUIT','2011-04-21 18:42:36',23),(97,1,'2011-04-21 18:42:36','G6','2011-04-21 18:42:36',23),(98,1,'2011-04-21 18:42:36','GALANT','2011-04-21 18:42:36',21),(99,1,'2011-04-21 18:42:36','GOLF','2011-04-21 18:42:36',30),(100,1,'2011-04-21 18:42:36','GTI','2011-04-21 18:42:36',30),(101,1,'2011-04-21 18:42:36','HHR ','2011-04-21 18:42:36',4),(102,1,'2011-04-21 18:42:36','HHR PANEL ','2011-04-21 18:42:36',4),(103,1,'2011-04-21 18:42:36','HS 250H','2011-04-21 18:42:36',14),(104,1,'2011-04-21 18:42:36','INSIGHT','2011-04-21 18:42:36',10),(105,1,'2011-04-21 18:42:36','ION','2011-04-21 18:42:36',25),(106,1,'2011-04-21 18:42:36','JETTA','2011-04-21 18:42:36',30),(107,1,'2011-04-21 18:42:36','JETTA SPORTWAGEN','2011-04-21 18:42:36',30),(108,1,'2011-04-21 18:42:36','JOHN COOPER WORKS','2011-04-21 18:42:36',20),(109,1,'2011-04-21 18:42:36','JOHN COOPER WORKS CLUBM','2011-04-21 18:42:36',20),(110,1,'2011-04-21 18:42:36','JOHN COOPER WORKS CLUBMAN','2011-04-21 18:42:36',20),(111,1,'2011-04-21 18:42:36','JOHN COOPER WORKS CONV','2011-04-21 18:42:36',20),(112,1,'2011-04-21 18:42:36','JOHN COOPER WORKS CONVERTIBLE','2011-04-21 18:42:36',20),(113,1,'2011-04-21 18:42:36','JUKE','2011-04-21 18:42:36',22),(114,1,'2011-04-21 18:42:36','KIZASHI','2011-04-21 18:42:36',28),(115,1,'2011-04-21 18:42:36','KIZASHI S','2011-04-21 18:42:36',28),(116,1,'2011-04-21 18:42:36','LANCER','2011-04-21 18:42:36',21),(117,1,'2011-04-21 18:42:36','LANCER SPORTBACK','2011-04-21 18:42:36',21),(118,1,'2011-04-21 18:42:36','LEAF','2011-04-21 18:42:36',22),(119,1,'2011-04-21 18:42:36','LEGACY ','2011-04-21 18:42:36',27),(120,1,'2011-04-21 18:42:36','MALIBU','2011-04-21 18:42:36',4),(121,1,'2011-04-21 18:42:36','MARINER HYBRID','2011-04-21 18:42:36',19),(122,1,'2011-04-21 18:42:36','MATRIX','2011-04-21 18:42:36',29),(123,1,'2011-04-21 18:42:36','MILAN','2011-04-21 18:42:36',19),(124,1,'2011-04-21 18:42:36','MILAN HYBRID ','2011-04-21 18:42:36',19),(125,1,'2011-04-21 18:42:36','MILAN HYBRID FWD','2011-04-21 18:42:36',19),(126,1,'2011-04-21 18:42:36','MILAN S ','2011-04-21 18:42:36',19),(127,1,'2011-04-21 18:42:36','MKZ HYBRID FWD','2011-04-21 18:42:36',15),(128,1,'2011-04-21 18:42:36','MX-5','2011-04-21 18:42:36',17),(129,1,'2011-04-21 18:42:36','MX-5 MIATA','2011-04-21 18:42:36',17),(130,1,'2011-04-21 18:42:36','NEW BEETLE','2011-04-21 18:42:36',30),(131,1,'2011-04-21 18:42:36','OPTIMA','2011-04-21 18:42:36',13),(132,1,'2011-04-21 18:42:36','PATRIOT ','2011-04-21 18:42:36',12),(133,1,'2011-04-21 18:42:36','PRIUS','2011-04-21 18:42:36',29),(134,1,'2011-04-21 18:42:36','RABBIT','2011-04-21 18:42:36',30),(135,1,'2011-04-21 18:42:36','RANGER PICKUP','2011-04-21 18:42:36',7),(136,1,'2011-04-21 18:42:36','RAV4','2011-04-21 18:42:36',29),(137,1,'2011-04-21 18:42:36','RIO','2011-04-21 18:42:36',13),(138,1,'2011-04-21 18:42:36','RIO/RIO 5','2011-04-21 18:42:36',13),(139,1,'2011-04-21 18:42:36','RSX','2011-04-21 18:42:36',1),(140,1,'2011-04-21 18:42:36','S10','2011-04-21 18:42:36',4),(141,1,'2011-04-21 18:42:36','S40 ','2011-04-21 18:42:36',31),(142,1,'2011-04-21 18:42:36','SCION xD','2011-04-21 18:42:36',26),(143,1,'2011-04-21 18:42:36','SENTRA','2011-04-21 18:42:36',22),(144,1,'2011-04-21 18:42:36','SENTRA CA','2011-04-21 18:42:36',22),(145,1,'2011-04-21 18:42:36','SMART FORTWO (CABRIOLET)','2011-04-21 18:42:36',18),(146,1,'2011-04-21 18:42:36','SMART FORTWO (COUPE)','2011-04-21 18:42:36',18),(147,1,'2011-04-21 18:42:36','SMART FORTWO CONVERTIBLE','2011-04-21 18:42:36',18),(148,1,'2011-04-21 18:42:36','SMART FORTWO COUPE','2011-04-21 18:42:36',18),(149,1,'2011-04-21 18:42:36','SMART FORTWO ELECTRIC DRIVE','2011-04-21 18:42:36',18),(150,1,'2011-04-21 18:42:36','SONATA','2011-04-21 18:42:36',11),(151,1,'2011-04-21 18:42:36','SOUL','2011-04-21 18:42:36',13),(152,1,'2011-04-21 18:42:36','SPECTRA','2011-04-21 18:42:36',13),(153,1,'2011-04-21 18:42:36','SPECTRA/SPECTRA5','2011-04-21 18:42:36',13),(154,1,'2011-04-21 18:42:36','SPORTAGE ','2011-04-21 18:42:36',13),(155,1,'2011-04-21 18:42:36','SWIFT','2011-04-21 18:42:36',28),(156,1,'2011-04-21 18:42:36','SWIFT +','2011-04-21 18:42:36',28),(157,1,'2011-04-21 18:42:36','SX4','2011-04-21 18:42:36',28),(158,1,'2011-04-21 18:42:36','SX4 SEDAN','2011-04-21 18:42:36',28),(159,1,'2011-04-21 18:42:36','SX4 SPORT','2011-04-21 18:42:36',28),(160,1,'2011-04-21 18:42:36','SX4 SPORT / ANNIVERSARY EDITION','2011-04-21 18:42:36',28),(161,1,'2011-04-21 18:42:36','tC','2011-04-21 18:42:36',26),(162,1,'2011-04-21 18:42:36','TERRAIN ','2011-04-21 18:42:36',9),(163,1,'2011-04-21 18:42:36','TRIBUTE ','2011-04-21 18:42:36',17),(164,1,'2011-04-21 18:42:36','TRIBUTE HYBRID','2011-04-21 18:42:36',17),(165,1,'2011-04-21 18:42:36','TT COUPE','2011-04-21 18:42:36',2),(166,1,'2011-04-21 18:42:36','TT COUPE QUATTRO','2011-04-21 18:42:36',2),(167,1,'2011-04-21 18:42:36','TT ROADSTER QUATTRO','2011-04-21 18:42:36',2),(168,1,'2011-04-21 18:42:36','TUCSON ','2011-04-21 18:42:36',11),(169,1,'2011-04-21 18:42:36','V50 ','2011-04-21 18:42:36',31),(170,1,'2011-04-21 18:42:36','VERSA','2011-04-21 18:42:36',22),(171,1,'2011-04-21 18:42:36','VIBE','2011-04-21 18:42:36',23),(172,1,'2011-04-21 18:42:36','VOLT','2011-04-21 18:42:36',4),(173,1,'2011-04-21 18:42:36','xA','2011-04-21 18:42:36',26),(174,1,'2011-04-21 18:42:36','xB','2011-04-21 18:42:36',26),(175,1,'2011-04-21 18:42:36','xD','2011-04-21 18:42:36',26),(176,1,'2011-04-21 18:42:36','YARIS','2011-04-21 18:42:36',29);
/*!40000 ALTER TABLE `car_model` ENABLE KEYS */;
UNLOCK TABLES;

--
-- Table structure for table `green_car`
--

DROP TABLE IF EXISTS `green_car`;
/*!40101 SET @saved_cs_client     = @@character_set_client */;
/*!40101 SET character_set_client = utf8 */;
CREATE TABLE `green_car` (
  `id` bigint(20) NOT NULL AUTO_INCREMENT,
  `version` bigint(20) NOT NULL,
  `car_model_id` bigint(20) NOT NULL,
  `date_created` datetime NOT NULL,
  `last_updated` datetime NOT NULL,
  `year` int(11) NOT NULL,
  PRIMARY KEY (`id`),
  KEY `FK7B3844988B3ADBBF` (`car_model_id`)
) ENGINE=MyISAM AUTO_INCREMENT=425 DEFAULT CHARSET=latin1;
/*!40101 SET character_set_client = @saved_cs_client */;

--
-- Dumping data for table `green_car`
--

LOCK TABLES `green_car` WRITE;
/*!40000 ALTER TABLE `green_car` DISABLE KEYS */;
INSERT INTO `green_car` VALUES (1,1,139,'2011-04-21 19:11:12','2011-04-21 19:11:12',2006),(2,1,10,'2011-04-21 19:11:12','2011-04-21 19:11:12',2010),(3,1,10,'2011-04-21 19:11:12','2011-04-21 19:11:12',2011),(4,1,11,'2011-04-21 19:11:12','2011-04-21 19:11:12',2011),(5,1,12,'2011-04-21 19:11:12','2011-04-21 19:11:12',2011),(6,1,13,'2011-04-21 19:11:12','2011-04-21 19:11:12',2011),(7,1,14,'2011-04-21 19:11:12','2011-04-21 19:11:12',2011),(8,1,165,'2011-04-21 19:11:12','2011-04-21 19:11:12',2008),(9,1,165,'2011-04-21 19:11:12','2011-04-21 19:11:12',2009),(10,1,166,'2011-04-21 19:11:12','2011-04-21 19:11:12',2011),(11,1,167,'2011-04-21 19:11:12','2011-04-21 19:11:12',2011),(12,1,4,'2011-04-21 19:11:12','2011-04-21 19:11:12',2011),(13,1,5,'2011-04-21 19:11:12','2011-04-21 19:11:12',2011),(14,1,30,'2011-04-21 19:11:12','2011-04-21 19:11:12',2006),(15,1,30,'2011-04-21 19:11:12','2011-04-21 19:11:12',2007),(16,1,30,'2011-04-21 19:11:12','2011-04-21 19:11:12',2008),(17,1,30,'2011-04-21 19:11:12','2011-04-21 19:11:12',2009),(18,1,30,'2011-04-21 19:11:12','2011-04-21 19:11:12',2010),(19,1,30,'2011-04-21 19:11:12','2011-04-21 19:11:12',2011),(20,1,31,'2011-04-21 19:11:12','2011-04-21 19:11:12',2007),(21,1,31,'2011-04-21 19:11:12','2011-04-21 19:11:12',2008),(22,1,31,'2011-04-21 19:11:12','2011-04-21 19:11:12',2009),(23,1,31,'2011-04-21 19:11:12','2011-04-21 19:11:12',2010),(24,1,31,'2011-04-21 19:11:12','2011-04-21 19:11:12',2011),(25,1,45,'2011-04-21 19:11:12','2011-04-21 19:11:12',2006),(26,1,45,'2011-04-21 19:11:12','2011-04-21 19:11:12',2007),(27,1,45,'2011-04-21 19:11:12','2011-04-21 19:11:12',2008),(28,1,45,'2011-04-21 19:11:12','2011-04-21 19:11:12',2009),(29,1,46,'2011-04-21 19:11:12','2011-04-21 19:11:12',2010),(30,1,47,'2011-04-21 19:11:12','2011-04-21 19:11:12',2010),(31,1,48,'2011-04-21 19:11:12','2011-04-21 19:11:12',2009),(32,1,49,'2011-04-21 19:11:12','2011-04-21 19:11:12',2010),(33,1,50,'2011-04-21 19:11:12','2011-04-21 19:11:12',2010),(34,1,63,'2011-04-21 19:11:12','2011-04-21 19:11:12',2011),(35,1,64,'2011-04-21 19:11:12','2011-04-21 19:11:12',2011),(36,1,74,'2011-04-21 19:11:12','2011-04-21 19:11:12',2011),(37,1,101,'2011-04-21 19:11:12','2011-04-21 19:11:12',2010),(38,1,101,'2011-04-21 19:11:12','2011-04-21 19:11:12',2011),(39,1,102,'2011-04-21 19:11:12','2011-04-21 19:11:12',2010),(40,1,102,'2011-04-21 19:11:12','2011-04-21 19:11:12',2011),(41,1,120,'2011-04-21 19:11:12','2011-04-21 19:11:12',2009),(42,1,120,'2011-04-21 19:11:12','2011-04-21 19:11:12',2010),(43,1,120,'2011-04-21 19:11:12','2011-04-21 19:11:12',2011),(44,1,140,'2011-04-21 19:11:12','2011-04-21 19:11:12',1998),(45,1,140,'2011-04-21 19:11:12','2011-04-21 19:11:12',1999),(46,1,172,'2011-04-21 19:11:12','2011-04-21 19:11:12',2011),(47,1,1,'2011-04-21 19:11:12','2011-04-21 19:11:12',2011),(48,1,29,'2011-04-21 19:11:12','2011-04-21 19:11:12',2011),(49,1,33,'2011-04-21 19:11:12','2011-04-21 19:11:12',2007),(50,1,33,'2011-04-21 19:11:12','2011-04-21 19:11:12',2009),(51,1,33,'2011-04-21 19:11:12','2011-04-21 19:11:12',2011),(52,1,75,'2011-04-21 19:11:12','2011-04-21 19:11:12',2011),(53,1,76,'2011-04-21 19:11:12','2011-04-21 19:11:12',2005),(54,1,76,'2011-04-21 19:11:12','2011-04-21 19:11:12',2006),(55,1,76,'2011-04-21 19:11:12','2011-04-21 19:11:12',2007),(56,1,76,'2011-04-21 19:11:12','2011-04-21 19:11:12',2008),(57,1,76,'2011-04-21 19:11:12','2011-04-21 19:11:12',2010),(58,1,76,'2011-04-21 19:11:12','2011-04-21 19:11:12',2009),(59,1,79,'2011-04-21 19:11:12','2011-04-21 19:11:12',2011),(60,1,80,'2011-04-21 19:11:12','2011-04-21 19:11:12',2011),(61,1,82,'2011-04-21 19:11:12','2011-04-21 19:11:12',2006),(62,1,82,'2011-04-21 19:11:12','2011-04-21 19:11:12',2005),(63,1,82,'2011-04-21 19:11:12','2011-04-21 19:11:12',2007),(64,1,82,'2011-04-21 19:11:12','2011-04-21 19:11:12',2010),(65,1,82,'2011-04-21 19:11:12','2011-04-21 19:11:12',2011),(66,1,82,'2011-04-21 19:11:12','2011-04-21 19:11:12',2008),(67,1,82,'2011-04-21 19:11:12','2011-04-21 19:11:12',2009),(68,1,83,'2011-04-21 19:11:12','2011-04-21 19:11:12',2005),(69,1,83,'2011-04-21 19:11:12','2011-04-21 19:11:12',2006),(70,1,83,'2011-04-21 19:11:12','2011-04-21 19:11:12',2007),(71,1,87,'2011-04-21 19:11:12','2011-04-21 19:11:12',2006),(72,1,87,'2011-04-21 19:11:12','2011-04-21 19:11:12',2011),(73,1,88,'2011-04-21 19:11:12','2011-04-21 19:11:12',2010),(74,1,89,'2011-04-21 19:11:12','2011-04-21 19:11:12',2011),(75,1,90,'2011-04-21 19:11:12','2011-04-21 19:11:12',2010),(76,1,90,'2011-04-21 19:11:12','2011-04-21 19:11:12',2011),(77,1,135,'2011-04-21 19:11:12','2011-04-21 19:11:12',1999),(78,1,135,'2011-04-21 19:11:12','2011-04-21 19:11:12',2000),(79,1,77,'2011-04-21 19:11:12','2011-04-21 19:11:12',1998),(80,1,77,'2011-04-21 19:11:12','2011-04-21 19:11:12',1999),(81,1,77,'2011-04-21 19:11:12','2011-04-21 19:11:12',2000),(82,1,162,'2011-04-21 19:11:12','2011-04-21 19:11:12',2011),(83,1,17,'2011-04-21 19:11:12','2011-04-21 19:11:12',2006),(84,1,17,'2011-04-21 19:11:12','2011-04-21 19:11:12',2007),(85,1,18,'2011-04-21 19:11:12','2011-04-21 19:11:12',2011),(86,1,19,'2011-04-21 19:11:12','2011-04-21 19:11:12',2011),(87,1,20,'2011-04-21 19:11:12','2011-04-21 19:11:12',2006),(88,1,20,'2011-04-21 19:11:12','2011-04-21 19:11:12',2007),(89,1,39,'2011-04-21 19:11:12','2011-04-21 19:11:12',2002),(90,1,39,'2011-04-21 19:11:12','2011-04-21 19:11:12',2003),(91,1,39,'2011-04-21 19:11:12','2011-04-21 19:11:12',2006),(92,1,39,'2011-04-21 19:11:12','2011-04-21 19:11:12',2007),(93,1,39,'2011-04-21 19:11:12','2011-04-21 19:11:12',2008),(94,1,39,'2011-04-21 19:11:12','2011-04-21 19:11:12',2009),(95,1,39,'2011-04-21 19:11:12','2011-04-21 19:11:12',2010),(96,1,39,'2011-04-21 19:11:12','2011-04-21 19:11:12',2011),(97,1,40,'2011-04-21 19:11:12','2011-04-21 19:11:12',1998),(98,1,40,'2011-04-21 19:11:12','2011-04-21 19:11:12',1999),(99,1,40,'2011-04-21 19:11:12','2011-04-21 19:11:12',2000),(100,1,40,'2011-04-21 19:11:22','2011-04-21 19:11:22',2001),(101,1,40,'2011-04-21 19:11:22','2011-04-21 19:11:22',2002),(102,1,40,'2011-04-21 19:11:22','2011-04-21 19:11:22',2003),(103,1,40,'2011-04-21 19:11:22','2011-04-21 19:11:22',2004),(104,1,40,'2011-04-21 19:11:22','2011-04-21 19:11:22',2005),(105,1,40,'2011-04-21 19:11:22','2011-04-21 19:11:22',2006),(106,1,40,'2011-04-21 19:11:22','2011-04-21 19:11:22',2007),(107,1,40,'2011-04-21 19:11:22','2011-04-21 19:11:22',2008),(108,1,40,'2011-04-21 19:11:22','2011-04-21 19:11:22',2009),(109,1,40,'2011-04-21 19:11:22','2011-04-21 19:11:22',2010),(110,1,40,'2011-04-21 19:11:22','2011-04-21 19:11:22',2011),(111,1,41,'2011-04-21 19:11:22','2011-04-21 19:11:22',2001),(112,1,41,'2011-04-21 19:11:22','2011-04-21 19:11:22',2002),(113,1,41,'2011-04-21 19:11:22','2011-04-21 19:11:22',2003),(114,1,41,'2011-04-21 19:11:22','2011-04-21 19:11:22',2004),(115,1,41,'2011-04-21 19:11:22','2011-04-21 19:11:22',2005),(116,1,42,'2011-04-21 19:11:22','2011-04-21 19:11:22',2003),(117,1,42,'2011-04-21 19:11:22','2011-04-21 19:11:22',2004),(118,1,42,'2011-04-21 19:11:22','2011-04-21 19:11:22',2005),(119,1,42,'2011-04-21 19:11:22','2011-04-21 19:11:22',2006),(120,1,42,'2011-04-21 19:11:22','2011-04-21 19:11:22',2007),(121,1,42,'2011-04-21 19:11:22','2011-04-21 19:11:22',2008),(122,1,42,'2011-04-21 19:11:22','2011-04-21 19:11:22',2009),(123,1,42,'2011-04-21 19:11:22','2011-04-21 19:11:22',2010),(124,1,42,'2011-04-21 19:11:22','2011-04-21 19:11:22',2011),(125,1,65,'2011-04-21 19:11:22','2011-04-21 19:11:22',2011),(126,1,81,'2011-04-21 19:11:22','2011-04-21 19:11:22',2007),(127,1,81,'2011-04-21 19:11:22','2011-04-21 19:11:22',2008),(128,1,81,'2011-04-21 19:11:22','2011-04-21 19:11:22',2009),(129,1,81,'2011-04-21 19:11:22','2011-04-21 19:11:22',2010),(130,1,104,'2011-04-21 19:11:22','2011-04-21 19:11:22',2000),(131,1,104,'2011-04-21 19:11:22','2011-04-21 19:11:22',2001),(132,1,104,'2011-04-21 19:11:22','2011-04-21 19:11:22',2002),(133,1,104,'2011-04-21 19:11:22','2011-04-21 19:11:22',2003),(134,1,104,'2011-04-21 19:11:22','2011-04-21 19:11:22',2004),(135,1,104,'2011-04-21 19:11:22','2011-04-21 19:11:22',2005),(136,1,104,'2011-04-21 19:11:22','2011-04-21 19:11:22',2006),(137,1,104,'2011-04-21 19:11:22','2011-04-21 19:11:22',2010),(138,1,104,'2011-04-21 19:11:22','2011-04-21 19:11:22',2011),(139,1,15,'2011-04-21 19:11:22','2011-04-21 19:11:22',2006),(140,1,15,'2011-04-21 19:11:22','2011-04-21 19:11:22',2007),(141,1,15,'2011-04-21 19:11:22','2011-04-21 19:11:22',2008),(142,1,15,'2011-04-21 19:11:22','2011-04-21 19:11:22',2009),(143,1,15,'2011-04-21 19:11:22','2011-04-21 19:11:22',2010),(144,1,15,'2011-04-21 19:11:22','2011-04-21 19:11:22',2011),(145,1,16,'2011-04-21 19:11:22','2011-04-21 19:11:22',2010),(146,1,16,'2011-04-21 19:11:22','2011-04-21 19:11:22',2011),(147,1,68,'2011-04-21 19:11:22','2011-04-21 19:11:22',2006),(148,1,68,'2011-04-21 19:11:22','2011-04-21 19:11:22',2007),(149,1,68,'2011-04-21 19:11:22','2011-04-21 19:11:22',2008),(150,1,68,'2011-04-21 19:11:22','2011-04-21 19:11:22',2009),(151,1,68,'2011-04-21 19:11:22','2011-04-21 19:11:22',2010),(152,1,68,'2011-04-21 19:11:22','2011-04-21 19:11:22',2011),(153,1,69,'2011-04-21 19:11:22','2011-04-21 19:11:22',2010),(154,1,70,'2011-04-21 19:11:22','2011-04-21 19:11:22',2009),(155,1,70,'2011-04-21 19:11:22','2011-04-21 19:11:22',2011),(156,1,150,'2011-04-21 19:11:22','2011-04-21 19:11:22',2009),(157,1,150,'2011-04-21 19:11:22','2011-04-21 19:11:22',2011),(158,1,168,'2011-04-21 19:11:22','2011-04-21 19:11:22',2010),(159,1,168,'2011-04-21 19:11:22','2011-04-21 19:11:22',2011),(160,1,51,'2011-04-21 19:11:22','2011-04-21 19:11:22',2011),(161,1,132,'2011-04-21 19:11:22','2011-04-21 19:11:22',2011),(162,1,84,'2011-04-21 19:11:22','2011-04-21 19:11:22',2010),(163,1,84,'2011-04-21 19:11:22','2011-04-21 19:11:22',2011),(164,1,85,'2011-04-21 19:11:22','2011-04-21 19:11:22',2011),(165,1,86,'2011-04-21 19:11:22','2011-04-21 19:11:22',2011),(166,1,131,'2011-04-21 19:11:22','2011-04-21 19:11:22',2011),(167,1,137,'2011-04-21 19:11:22','2011-04-21 19:11:22',2008),(168,1,137,'2011-04-21 19:11:22','2011-04-21 19:11:22',2009),(169,1,137,'2011-04-21 19:11:22','2011-04-21 19:11:22',2010),(170,1,137,'2011-04-21 19:11:22','2011-04-21 19:11:22',2011),(171,1,138,'2011-04-21 19:11:22','2011-04-21 19:11:22',2006),(172,1,138,'2011-04-21 19:11:22','2011-04-21 19:11:22',2007),(173,1,151,'2011-04-21 19:11:22','2011-04-21 19:11:22',2010),(174,1,151,'2011-04-21 19:11:22','2011-04-21 19:11:22',2011),(175,1,152,'2011-04-21 19:11:22','2011-04-21 19:11:22',2006),(176,1,152,'2011-04-21 19:11:22','2011-04-21 19:11:22',2008),(177,1,152,'2011-04-21 19:11:22','2011-04-21 19:11:22',2009),(178,1,153,'2011-04-21 19:11:22','2011-04-21 19:11:22',2007),(179,1,154,'2011-04-21 19:11:22','2011-04-21 19:11:22',2011),(180,1,103,'2011-04-21 19:11:22','2011-04-21 19:11:22',2010),(181,1,103,'2011-04-21 19:11:22','2011-04-21 19:11:22',2011),(182,1,127,'2011-04-21 19:11:22','2011-04-21 19:11:22',2011),(183,1,71,'2011-04-21 19:11:22','2011-04-21 19:11:22',2006),(184,1,72,'2011-04-21 19:11:22','2011-04-21 19:11:22',2011),(185,1,72,'2011-04-21 19:11:22','2011-04-21 19:11:22',2007),(186,1,78,'2011-04-21 19:11:22','2011-04-21 19:11:22',2006),(187,1,3,'2011-04-21 19:11:22','2011-04-21 19:11:22',2005),(188,1,3,'2011-04-21 19:11:22','2011-04-21 19:11:22',2007),(189,1,3,'2011-04-21 19:11:22','2011-04-21 19:11:22',2008),(190,1,3,'2011-04-21 19:11:22','2011-04-21 19:11:22',2009),(191,1,3,'2011-04-21 19:11:22','2011-04-21 19:11:22',2010),(192,1,2,'2011-04-21 19:11:22','2011-04-21 19:11:22',2011),(193,1,3,'2011-04-21 19:11:22','2011-04-21 19:11:22',2004),(194,1,3,'2011-04-21 19:11:22','2011-04-21 19:11:22',2006),(195,1,3,'2011-04-21 19:11:22','2011-04-21 19:11:22',2011),(196,1,6,'2011-04-21 19:11:22','2011-04-21 19:11:22',2011),(197,1,128,'2011-04-21 19:11:22','2011-04-21 19:11:22',2006),(198,1,128,'2011-04-21 19:11:22','2011-04-21 19:11:22',2011),(199,1,129,'2011-04-21 19:11:22','2011-04-21 19:11:22',2007),(200,1,163,'2011-04-21 19:11:30','2011-04-21 19:11:30',2011),(201,1,164,'2011-04-21 19:11:30','2011-04-21 19:11:30',2006),(202,1,164,'2011-04-21 19:11:30','2011-04-21 19:11:30',2008),(203,1,164,'2011-04-21 19:11:30','2011-04-21 19:11:30',2010),(204,1,164,'2011-04-21 19:11:30','2011-04-21 19:11:30',2009),(205,1,145,'2011-04-21 19:11:30','2011-04-21 19:11:30',2010),(206,1,145,'2011-04-21 19:11:30','2011-04-21 19:11:30',2011),(207,1,146,'2011-04-21 19:11:30','2011-04-21 19:11:30',2010),(208,1,146,'2011-04-21 19:11:30','2011-04-21 19:11:30',2011),(209,1,147,'2011-04-21 19:11:30','2011-04-21 19:11:30',2008),(210,1,147,'2011-04-21 19:11:30','2011-04-21 19:11:30',2009),(211,1,148,'2011-04-21 19:11:30','2011-04-21 19:11:30',2008),(212,1,148,'2011-04-21 19:11:30','2011-04-21 19:11:30',2009),(213,1,149,'2011-04-21 19:11:30','2011-04-21 19:11:30',2011),(214,1,121,'2011-04-21 19:11:30','2011-04-21 19:11:30',2006),(215,1,121,'2011-04-21 19:11:30','2011-04-21 19:11:30',2007),(216,1,121,'2011-04-21 19:11:30','2011-04-21 19:11:30',2008),(217,1,121,'2011-04-21 19:11:30','2011-04-21 19:11:30',2010),(218,1,121,'2011-04-21 19:11:30','2011-04-21 19:11:30',2009),(219,1,123,'2011-04-21 19:11:30','2011-04-21 19:11:30',2006),(220,1,123,'2011-04-21 19:11:30','2011-04-21 19:11:30',2011),(221,1,124,'2011-04-21 19:11:30','2011-04-21 19:11:30',2010),(222,1,125,'2011-04-21 19:11:30','2011-04-21 19:11:30',2011),(223,1,126,'2011-04-21 19:11:30','2011-04-21 19:11:30',2010),(224,1,126,'2011-04-21 19:11:30','2011-04-21 19:11:30',2011),(225,1,43,'2011-04-21 19:11:30','2011-04-21 19:11:30',2008),(226,1,43,'2011-04-21 19:11:30','2011-04-21 19:11:30',2009),(227,1,43,'2011-04-21 19:11:30','2011-04-21 19:11:30',2010),(228,1,43,'2011-04-21 19:11:30','2011-04-21 19:11:30',2011),(229,1,44,'2011-04-21 19:11:30','2011-04-21 19:11:30',2008),(230,1,44,'2011-04-21 19:11:30','2011-04-21 19:11:30',2009),(231,1,44,'2011-04-21 19:11:30','2011-04-21 19:11:30',2010),(232,1,52,'2011-04-21 19:11:30','2011-04-21 19:11:30',2010),(233,1,52,'2011-04-21 19:11:30','2011-04-21 19:11:30',2011),(234,1,53,'2011-04-21 19:11:30','2011-04-21 19:11:30',2006),(235,1,53,'2011-04-21 19:11:30','2011-04-21 19:11:30',2008),(236,1,53,'2011-04-21 19:11:30','2011-04-21 19:11:30',2009),(237,1,53,'2011-04-21 19:11:30','2011-04-21 19:11:30',2010),(238,1,53,'2011-04-21 19:11:30','2011-04-21 19:11:30',2011),(239,1,54,'2011-04-21 19:11:30','2011-04-21 19:11:30',2007),(240,1,54,'2011-04-21 19:11:30','2011-04-21 19:11:30',2008),(241,1,55,'2011-04-21 19:11:30','2011-04-21 19:11:30',2011),(242,1,56,'2011-04-21 19:11:30','2011-04-21 19:11:30',2008),(243,1,56,'2011-04-21 19:11:30','2011-04-21 19:11:30',2009),(244,1,56,'2011-04-21 19:11:30','2011-04-21 19:11:30',2010),(245,1,56,'2011-04-21 19:11:30','2011-04-21 19:11:30',2011),(246,1,57,'2011-04-21 19:11:30','2011-04-21 19:11:30',2011),(247,1,58,'2011-04-21 19:11:30','2011-04-21 19:11:30',2010),(248,1,58,'2011-04-21 19:11:30','2011-04-21 19:11:30',2011),(249,1,59,'2011-04-21 19:11:30','2011-04-21 19:11:30',2011),(250,1,60,'2011-04-21 19:11:30','2011-04-21 19:11:30',2011),(251,1,108,'2011-04-21 19:11:30','2011-04-21 19:11:30',2009),(252,1,108,'2011-04-21 19:11:30','2011-04-21 19:11:30',2010),(253,1,108,'2011-04-21 19:11:30','2011-04-21 19:11:30',2011),(254,1,109,'2011-04-21 19:11:30','2011-04-21 19:11:30',2009),(255,1,110,'2011-04-21 19:11:30','2011-04-21 19:11:30',2010),(256,1,110,'2011-04-21 19:11:30','2011-04-21 19:11:30',2011),(257,1,111,'2011-04-21 19:11:30','2011-04-21 19:11:30',2009),(258,1,111,'2011-04-21 19:11:30','2011-04-21 19:11:30',2011),(259,1,112,'2011-04-21 19:11:30','2011-04-21 19:11:30',2010),(260,1,98,'2011-04-21 19:11:30','2011-04-21 19:11:30',2011),(261,1,116,'2011-04-21 19:11:30','2011-04-21 19:11:30',2006),(262,1,116,'2011-04-21 19:11:30','2011-04-21 19:11:30',2007),(263,1,116,'2011-04-21 19:11:30','2011-04-21 19:11:30',2008),(264,1,116,'2011-04-21 19:11:30','2011-04-21 19:11:30',2009),(265,1,116,'2011-04-21 19:11:30','2011-04-21 19:11:30',2011),(266,1,117,'2011-04-21 19:11:30','2011-04-21 19:11:30',2011),(267,1,21,'2011-04-21 19:11:30','2011-04-21 19:11:30',2006),(268,1,21,'2011-04-21 19:11:30','2011-04-21 19:11:30',2007),(269,1,21,'2011-04-21 19:11:30','2011-04-21 19:11:30',2008),(270,1,21,'2011-04-21 19:11:30','2011-04-21 19:11:30',2009),(271,1,21,'2011-04-21 19:11:30','2011-04-21 19:11:30',2011),(272,1,22,'2011-04-21 19:11:30','2011-04-21 19:11:30',2008),(273,1,22,'2011-04-21 19:11:30','2011-04-21 19:11:30',2009),(274,1,22,'2011-04-21 19:11:30','2011-04-21 19:11:30',2011),(275,1,23,'2011-04-21 19:11:30','2011-04-21 19:11:30',2007),(276,1,23,'2011-04-21 19:11:30','2011-04-21 19:11:30',2008),(277,1,23,'2011-04-21 19:11:30','2011-04-21 19:11:30',2009),(278,1,23,'2011-04-21 19:11:30','2011-04-21 19:11:30',2010),(279,1,23,'2011-04-21 19:11:30','2011-04-21 19:11:30',2011),(280,1,24,'2011-04-21 19:11:30','2011-04-21 19:11:30',2009),(281,1,25,'2011-04-21 19:11:30','2011-04-21 19:11:30',1999),(282,1,25,'2011-04-21 19:11:30','2011-04-21 19:11:30',2000),(283,1,66,'2011-04-21 19:11:30','2011-04-21 19:11:30',2010),(284,1,66,'2011-04-21 19:11:30','2011-04-21 19:11:30',2011),(285,1,113,'2011-04-21 19:11:30','2011-04-21 19:11:30',2011),(286,1,118,'2011-04-21 19:11:30','2011-04-21 19:11:30',2011),(287,1,143,'2011-04-21 19:11:30','2011-04-21 19:11:30',2003),(288,1,143,'2011-04-21 19:11:30','2011-04-21 19:11:30',2004),(289,1,143,'2011-04-21 19:11:30','2011-04-21 19:11:30',2005),(290,1,143,'2011-04-21 19:11:30','2011-04-21 19:11:30',2006),(291,1,143,'2011-04-21 19:11:30','2011-04-21 19:11:30',2007),(292,1,143,'2011-04-21 19:11:30','2011-04-21 19:11:30',2008),(293,1,143,'2011-04-21 19:11:30','2011-04-21 19:11:30',2010),(294,1,143,'2011-04-21 19:11:30','2011-04-21 19:11:30',2011),(295,1,144,'2011-04-21 19:11:30','2011-04-21 19:11:30',2002),(296,1,170,'2011-04-21 19:11:30','2011-04-21 19:11:30',2007),(297,1,170,'2011-04-21 19:11:30','2011-04-21 19:11:30',2008),(298,1,170,'2011-04-21 19:11:30','2011-04-21 19:11:30',2009),(299,1,170,'2011-04-21 19:11:30','2011-04-21 19:11:30',2010),(300,1,170,'2011-04-21 19:11:38','2011-04-21 19:11:38',2011),(301,1,91,'2011-04-21 19:11:38','2011-04-21 19:11:38',2009),(302,1,92,'2011-04-21 19:11:38','2011-04-21 19:11:38',2010),(303,1,93,'2011-04-21 19:11:38','2011-04-21 19:11:38',2007),(304,1,93,'2011-04-21 19:11:38','2011-04-21 19:11:38',2009),(305,1,93,'2011-04-21 19:11:38','2011-04-21 19:11:38',2010),(306,1,94,'2011-04-21 19:11:38','2011-04-21 19:11:38',2009),(307,1,94,'2011-04-21 19:11:38','2011-04-21 19:11:38',2010),(308,1,95,'2011-04-21 19:11:38','2011-04-21 19:11:38',2009),(309,1,95,'2011-04-21 19:11:38','2011-04-21 19:11:38',2010),(310,1,96,'2011-04-21 19:11:38','2011-04-21 19:11:38',2008),(311,1,97,'2011-04-21 19:11:38','2011-04-21 19:11:38',2009),(312,1,97,'2011-04-21 19:11:38','2011-04-21 19:11:38',2010),(313,1,171,'2011-04-21 19:11:38','2011-04-21 19:11:38',2005),(314,1,171,'2011-04-21 19:11:38','2011-04-21 19:11:38',2006),(315,1,171,'2011-04-21 19:11:38','2011-04-21 19:11:38',2007),(316,1,171,'2011-04-21 19:11:38','2011-04-21 19:11:38',2008),(317,1,171,'2011-04-21 19:11:38','2011-04-21 19:11:38',2009),(318,1,171,'2011-04-21 19:11:38','2011-04-21 19:11:38',2010),(319,1,7,'2011-04-21 19:11:38','2011-04-21 19:11:38',2011),(320,1,8,'2011-04-21 19:11:38','2011-04-21 19:11:38',2011),(321,1,9,'2011-04-21 19:11:38','2011-04-21 19:11:38',2011),(322,1,26,'2011-04-21 19:11:38','2011-04-21 19:11:38',2009),(323,1,27,'2011-04-21 19:11:38','2011-04-21 19:11:38',2009),(324,1,28,'2011-04-21 19:11:38','2011-04-21 19:11:38',2009),(325,1,28,'2011-04-21 19:11:38','2011-04-21 19:11:38',2010),(326,1,105,'2011-04-21 19:11:38','2011-04-21 19:11:38',2006),(327,1,105,'2011-04-21 19:11:38','2011-04-21 19:11:38',2007),(328,1,142,'2011-04-21 19:11:38','2011-04-21 19:11:38',2009),(329,1,161,'2011-04-21 19:11:38','2011-04-21 19:11:38',2011),(330,1,173,'2011-04-21 19:11:38','2011-04-21 19:11:38',2006),(331,1,174,'2011-04-21 19:11:38','2011-04-21 19:11:38',2006),(332,1,175,'2011-04-21 19:11:38','2011-04-21 19:11:38',2008),(333,1,175,'2011-04-21 19:11:38','2011-04-21 19:11:38',2010),(334,1,175,'2011-04-21 19:11:38','2011-04-21 19:11:38',2011),(335,1,119,'2011-04-21 19:11:38','2011-04-21 19:11:38',2011),(336,1,114,'2011-04-21 19:11:38','2011-04-21 19:11:38',2011),(337,1,114,'2011-04-21 19:11:38','2011-04-21 19:11:38',2011),(338,1,115,'2011-04-21 19:11:38','2011-04-21 19:11:38',2011),(339,1,115,'2011-04-21 19:11:38','2011-04-21 19:11:38',2011),(340,1,155,'2011-04-21 19:11:38','2011-04-21 19:11:38',2001),(341,1,156,'2011-04-21 19:11:38','2011-04-21 19:11:38',2010),(342,1,156,'2011-04-21 19:11:38','2011-04-21 19:11:38',2011),(343,1,157,'2011-04-21 19:11:38','2011-04-21 19:11:38',2007),(344,1,157,'2011-04-21 19:11:38','2011-04-21 19:11:38',2011),(345,1,157,'2011-04-21 19:11:38','2011-04-21 19:11:38',2011),(346,1,158,'2011-04-21 19:11:38','2011-04-21 19:11:38',2010),(347,1,158,'2011-04-21 19:11:38','2011-04-21 19:11:38',2011),(348,1,159,'2011-04-21 19:11:38','2011-04-21 19:11:38',2010),(349,1,160,'2011-04-21 19:11:38','2011-04-21 19:11:38',2011),(350,1,34,'2011-04-21 19:11:38','2011-04-21 19:11:38',2001),(351,1,34,'2011-04-21 19:11:38','2011-04-21 19:11:38',2006),(352,1,34,'2011-04-21 19:11:38','2011-04-21 19:11:38',2007),(353,1,34,'2011-04-21 19:11:38','2011-04-21 19:11:38',2008),(354,1,34,'2011-04-21 19:11:38','2011-04-21 19:11:38',2009),(355,1,34,'2011-04-21 19:11:38','2011-04-21 19:11:38',2011),(356,1,35,'2011-04-21 19:11:38','2011-04-21 19:11:38',2000),(357,1,36,'2011-04-21 19:11:38','2011-04-21 19:11:38',2007),(358,1,36,'2011-04-21 19:11:38','2011-04-21 19:11:38',2008),(359,1,36,'2011-04-21 19:11:38','2011-04-21 19:11:38',2009),(360,1,36,'2011-04-21 19:11:38','2011-04-21 19:11:38',2010),(361,1,36,'2011-04-21 19:11:38','2011-04-21 19:11:38',2011),(362,1,37,'2011-04-21 19:11:38','2011-04-21 19:11:38',2007),(363,1,61,'2011-04-21 19:11:38','2011-04-21 19:11:38',2003),(364,1,61,'2011-04-21 19:11:38','2011-04-21 19:11:38',2004),(365,1,61,'2011-04-21 19:11:38','2011-04-21 19:11:38',2005),(366,1,61,'2011-04-21 19:11:38','2011-04-21 19:11:38',2006),(367,1,61,'2011-04-21 19:11:38','2011-04-21 19:11:38',2007),(368,1,61,'2011-04-21 19:11:38','2011-04-21 19:11:38',2008),(369,1,61,'2011-04-21 19:11:38','2011-04-21 19:11:38',2009),(370,1,61,'2011-04-21 19:11:38','2011-04-21 19:11:38',2010),(371,1,61,'2011-04-21 19:11:38','2011-04-21 19:11:38',2011),(372,1,62,'2011-04-21 19:11:38','2011-04-21 19:11:38',2008),(373,1,62,'2011-04-21 19:11:38','2011-04-21 19:11:38',2009),(374,1,62,'2011-04-21 19:11:38','2011-04-21 19:11:38',2010),(375,1,62,'2011-04-21 19:11:38','2011-04-21 19:11:38',2011),(376,1,67,'2011-04-21 19:11:38','2011-04-21 19:11:38',2001),(377,1,67,'2011-04-21 19:11:38','2011-04-21 19:11:38',2002),(378,1,67,'2011-04-21 19:11:38','2011-04-21 19:11:38',2003),(379,1,67,'2011-04-21 19:11:38','2011-04-21 19:11:38',2004),(380,1,67,'2011-04-21 19:11:38','2011-04-21 19:11:38',2005),(381,1,122,'2011-04-21 19:11:38','2011-04-21 19:11:38',2005),(382,1,122,'2011-04-21 19:11:38','2011-04-21 19:11:38',2006),(383,1,122,'2011-04-21 19:11:38','2011-04-21 19:11:38',2007),(384,1,133,'2011-04-21 19:11:38','2011-04-21 19:11:38',2001),(385,1,133,'2011-04-21 19:11:38','2011-04-21 19:11:38',2002),(386,1,133,'2011-04-21 19:11:38','2011-04-21 19:11:38',2003),(387,1,133,'2011-04-21 19:11:38','2011-04-21 19:11:38',2004),(388,1,133,'2011-04-21 19:11:38','2011-04-21 19:11:38',2005),(389,1,133,'2011-04-21 19:11:38','2011-04-21 19:11:38',2006),(390,1,133,'2011-04-21 19:11:38','2011-04-21 19:11:38',2007),(391,1,133,'2011-04-21 19:11:38','2011-04-21 19:11:38',2008),(392,1,133,'2011-04-21 19:11:38','2011-04-21 19:11:38',2009),(393,1,133,'2011-04-21 19:11:38','2011-04-21 19:11:38',2010),(394,1,133,'2011-04-21 19:11:38','2011-04-21 19:11:38',2011),(395,1,136,'2011-04-21 19:11:38','2011-04-21 19:11:38',1998),(396,1,136,'2011-04-21 19:11:38','2011-04-21 19:11:38',2000),(397,1,136,'2011-04-21 19:11:38','2011-04-21 19:11:38',2001),(398,1,136,'2011-04-21 19:11:38','2011-04-21 19:11:38',2002),(399,1,136,'2011-04-21 19:11:38','2011-04-21 19:11:38',2003),(400,1,136,'2011-04-21 19:11:46','2011-04-21 19:11:46',2011),(401,1,176,'2011-04-21 19:11:46','2011-04-21 19:11:46',2007),(402,1,176,'2011-04-21 19:11:46','2011-04-21 19:11:46',2008),(403,1,176,'2011-04-21 19:11:46','2011-04-21 19:11:46',2009),(404,1,176,'2011-04-21 19:11:46','2011-04-21 19:11:46',2010),(405,1,176,'2011-04-21 19:11:46','2011-04-21 19:11:46',2011),(406,1,38,'2011-04-21 19:11:46','2011-04-21 19:11:46',2011),(407,1,73,'2011-04-21 19:11:46','2011-04-21 19:11:46',2011),(408,1,99,'2011-04-21 19:11:46','2011-04-21 19:11:46',2010),(409,1,99,'2011-04-21 19:11:46','2011-04-21 19:11:46',2011),(410,1,100,'2011-04-21 19:11:46','2011-04-21 19:11:46',2010),(411,1,100,'2011-04-21 19:11:46','2011-04-21 19:11:46',2011),(412,1,106,'2011-04-21 19:11:46','2011-04-21 19:11:46',2009),(413,1,106,'2011-04-21 19:11:46','2011-04-21 19:11:46',2010),(414,1,106,'2011-04-21 19:11:46','2011-04-21 19:11:46',2011),(415,1,107,'2011-04-21 19:11:46','2011-04-21 19:11:46',2009),(416,1,107,'2011-04-21 19:11:46','2011-04-21 19:11:46',2010),(417,1,107,'2011-04-21 19:11:46','2011-04-21 19:11:46',2011),(418,1,130,'2011-04-21 19:11:46','2011-04-21 19:11:46',2006),(419,1,130,'2011-04-21 19:11:46','2011-04-21 19:11:46',2007),(420,1,134,'2011-04-21 19:11:46','2011-04-21 19:11:46',2008),(421,1,134,'2011-04-21 19:11:46','2011-04-21 19:11:46',2009),(422,1,32,'2011-04-21 19:11:46','2011-04-21 19:11:46',2011),(423,1,141,'2011-04-21 19:11:46','2011-04-21 19:11:46',2011),(424,1,169,'2011-04-21 19:11:46','2011-04-21 19:11:46',2011);
/*!40000 ALTER TABLE `green_car` ENABLE KEYS */;
UNLOCK TABLES;

--
-- Table structure for table `maker`
--

DROP TABLE IF EXISTS `maker`;
/*!40101 SET @saved_cs_client     = @@character_set_client */;
/*!40101 SET character_set_client = utf8 */;
CREATE TABLE `maker` (
  `id` bigint(20) NOT NULL AUTO_INCREMENT,
  `version` bigint(20) NOT NULL,
  `date_created` datetime NOT NULL,
  `description` varchar(255) NOT NULL,
  `last_updated` datetime NOT NULL,
  PRIMARY KEY (`id`)
) ENGINE=MyISAM AUTO_INCREMENT=32 DEFAULT CHARSET=latin1;
/*!40101 SET character_set_client = @saved_cs_client */;

--
-- Dumping data for table `maker`
--

LOCK TABLES `maker` WRITE;
/*!40000 ALTER TABLE `maker` DISABLE KEYS */;
INSERT INTO `maker` VALUES (1,1,'2011-04-21 18:09:29','ACURA','2011-04-21 18:09:29'),(2,1,'2011-04-21 18:09:29','AUDI','2011-04-21 18:09:29'),(3,1,'2011-04-21 18:09:29','BMW','2011-04-21 18:09:29'),(4,1,'2011-04-21 18:09:29','CHEVROLET','2011-04-21 18:09:29'),(5,1,'2011-04-21 18:09:29','CHRYSLER','2011-04-21 18:09:29'),(6,1,'2011-04-21 18:09:29','DODGE','2011-04-21 18:09:29'),(7,1,'2011-04-21 18:09:29','FORD','2011-04-21 18:09:29'),(8,1,'2011-04-21 18:09:29','GM','2011-04-21 18:09:29'),(9,1,'2011-04-21 18:09:29','GMC','2011-04-21 18:09:29'),(10,1,'2011-04-21 18:09:29','HONDA','2011-04-21 18:09:29'),(11,1,'2011-04-21 18:09:29','HYUNDAI','2011-04-21 18:09:29'),(12,1,'2011-04-21 18:09:29','JEEP','2011-04-21 18:09:29'),(13,1,'2011-04-21 18:09:29','KIA','2011-04-21 18:09:29'),(14,1,'2011-04-21 18:09:29','LEXUS','2011-04-21 18:09:29'),(15,1,'2011-04-21 18:09:29','LINCOLN','2011-04-21 18:09:29'),(16,1,'2011-04-21 18:09:29','LOTUS','2011-04-21 18:09:29'),(17,1,'2011-04-21 18:09:29','MAZDA','2011-04-21 18:09:29'),(18,1,'2011-04-21 18:09:29','MERCEDES-BENZ','2011-04-21 18:09:29'),(19,1,'2011-04-21 18:09:29','MERCURY','2011-04-21 18:09:29'),(20,1,'2011-04-21 18:09:29','MINI','2011-04-21 18:09:29'),(21,1,'2011-04-21 18:09:29','MITSUBISHI','2011-04-21 18:09:29'),(22,1,'2011-04-21 18:09:29','NISSAN','2011-04-21 18:09:29'),(23,1,'2011-04-21 18:09:29','PONTIAC','2011-04-21 18:09:29'),(24,1,'2011-04-21 18:09:29','SAAB','2011-04-21 18:09:29'),(25,1,'2011-04-21 18:09:29','SATURN','2011-04-21 18:09:29'),(26,1,'2011-04-21 18:09:29','SCION','2011-04-21 18:09:29'),(27,1,'2011-04-21 18:09:29','SUBARU','2011-04-21 18:09:29'),(28,1,'2011-04-21 18:09:29','SUZUKI','2011-04-21 18:09:29'),(29,1,'2011-04-21 18:09:29','TOYOTA','2011-04-21 18:09:29'),(30,1,'2011-04-21 18:09:29','VOLKSWAGEN','2011-04-21 18:09:29'),(31,1,'2011-04-21 18:09:29','VOLVO','2011-04-21 18:09:29');
/*!40000 ALTER TABLE `maker` ENABLE KEYS */;
UNLOCK TABLES;

--
-- Table structure for table `parking_record`
--

DROP TABLE IF EXISTS `parking_record`;
/*!40101 SET @saved_cs_client     = @@character_set_client */;
/*!40101 SET character_set_client = utf8 */;
CREATE TABLE `parking_record` (
  `id` bigint(20) NOT NULL AUTO_INCREMENT,
  `version` bigint(20) NOT NULL,
  `car_id` bigint(20) NOT NULL,
  `date_created` datetime NOT NULL,
  `entrance_date` datetime NOT NULL,
  `exit_date` datetime NOT NULL,
  `last_updated` datetime NOT NULL,
  PRIMARY KEY (`id`),
  KEY `FKF63696B8945FCE6C` (`car_id`)
) ENGINE=MyISAM DEFAULT CHARSET=latin1;
/*!40101 SET character_set_client = @saved_cs_client */;

--
-- Dumping data for table `parking_record`
--

LOCK TABLES `parking_record` WRITE;
/*!40000 ALTER TABLE `parking_record` DISABLE KEYS */;
/*!40000 ALTER TABLE `parking_record` ENABLE KEYS */;
UNLOCK TABLES;

--
-- Table structure for table `person`
--

DROP TABLE IF EXISTS `person`;
/*!40101 SET @saved_cs_client     = @@character_set_client */;
/*!40101 SET character_set_client = utf8 */;
CREATE TABLE `person` (
  `id` bigint(20) NOT NULL AUTO_INCREMENT,
  `version` bigint(20) NOT NULL,
  `date_created` datetime NOT NULL,
  `email` varchar(255) NOT NULL,
  `last_name` varchar(255) NOT NULL,
  `last_updated` datetime NOT NULL,
  `name` varchar(255) NOT NULL,
  PRIMARY KEY (`id`)
) ENGINE=MyISAM DEFAULT CHARSET=latin1;
/*!40101 SET character_set_client = @saved_cs_client */;

--
-- Dumping data for table `person`
--

LOCK TABLES `person` WRITE;
/*!40000 ALTER TABLE `person` DISABLE KEYS */;
/*!40000 ALTER TABLE `person` ENABLE KEYS */;
UNLOCK TABLES;
/*!40103 SET TIME_ZONE=@OLD_TIME_ZONE */;

/*!40101 SET SQL_MODE=@OLD_SQL_MODE */;
/*!40014 SET FOREIGN_KEY_CHECKS=@OLD_FOREIGN_KEY_CHECKS */;
/*!40014 SET UNIQUE_CHECKS=@OLD_UNIQUE_CHECKS */;
/*!40101 SET CHARACTER_SET_CLIENT=@OLD_CHARACTER_SET_CLIENT */;
/*!40101 SET CHARACTER_SET_RESULTS=@OLD_CHARACTER_SET_RESULTS */;
/*!40101 SET COLLATION_CONNECTION=@OLD_COLLATION_CONNECTION */;
/*!40111 SET SQL_NOTES=@OLD_SQL_NOTES */;

-- Dump completed on 2011-04-21 19:13:07
